"name","n","has","class","class2","vegetarian","vegan","equal","sometimes","makeable","rn"
"parmesan",68,1,"dairy","cheese",1,0,NA,NA,NA,1
"feta",16,1,"dairy","cheese",1,0,NA,NA,NA,2
"cheddar",13,0,"dairy","cheese",1,0,NA,NA,NA,3
"cream cheese",7,1,"dairy","cheese",1,0,NA,NA,NA,4
"gruyere",7,0,"dairy","cheese",1,0,NA,NA,NA,5
"mozzerella",6,0,"dairy","cheese",1,0,NA,NA,NA,6
"american cheese",5,1,"dairy","cheese",1,0,NA,NA,NA,7
"blue cheese",5,0,"dairy","cheese",1,0,NA,NA,NA,8
"jack cheese",5,0,"dairy","cheese",1,0,NA,NA,NA,9
"fontina",4,0,"dairy","cheese",1,0,NA,NA,NA,10
"cotija",3,0,"dairy","cheese",1,0,NA,NA,NA,11
"comte",2,0,"dairy","cheese",1,0,NA,NA,NA,12
"cottage cheese",2,0,"dairy","cheese",1,0,NA,NA,NA,13
"goat cheese",2,0,"dairy","cheese",1,0,NA,NA,NA,14
"halloumi",2,1,"dairy","cheese",1,0,NA,NA,NA,15
"paneer",2,0,"dairy","cheese",1,0,"","feta",0,16
"provolone",2,0,"dairy","cheese",1,0,NA,NA,NA,17
"ricotta",2,0,"dairy","cheese",1,0,NA,NA,NA,18
"white cheddar",2,0,"dairy","cheese",1,0,NA,"cheddar",NA,19
"burrata",1,0,"dairy","cheese",1,0,NA,"mozzerella",NA,20
"gorgonzola",1,1,"dairy","cheese",1,0,NA,NA,NA,21
"gouda",1,0,"dairy","cheese",1,0,NA,NA,NA,22
"stilton",1,0,"dairy","cheese",1,0,NA,NA,NA,23
"butter",140,1,"dairy","dairy",1,0,NA,NA,NA,24
"egg",72,1,"dairy","dairy",1,0,NA,NA,NA,25
"heavy cream",32,1,"dairy","dairy",1,0,NA,NA,NA,26
"greek yogurt",28,0,"dairy","dairy",1,0,"yogurt",NA,NA,27
"buttermilk",27,1,"dairy","dairy",1,0,NA,NA,NA,28
"sour cream",27,1,"dairy","dairy",1,0,"greek yogurt, yogurt",NA,NA,29
"milk",15,1,"dairy","dairy",1,0,"whole milk",NA,NA,30
"creme fraiche",14,1,"dairy","dairy",1,0,NA,"heavy cream and buttermilk",1,31
"yogurt",14,1,"dairy","dairy",1,0,"greek yogurt",NA,1,32
"whole milk",11,0,"dairy","dairy",1,0,NA,"milk",NA,33
"ground beef",16,0,"meat","beef",0,0,NA,"short ribs, chuck roast, skirt steak, bone in short rib, brisket",NA,34
"flank steak",14,1,"meat","beef",0,0,NA,NA,NA,35
"skirt steak",7,0,"meat","beef",0,0,NA,NA,NA,36
"flap meat",6,0,"meat","beef",0,0,NA,NA,NA,37
"hanger steak",6,0,"meat","beef",0,0,NA,NA,NA,38
"chuck roast",5,0,"meat","beef",0,0,NA,NA,NA,39
"rib eye steak",4,0,"meat","beef",0,0,NA,NA,NA,40
"short ribs",4,1,"meat","beef",0,0,NA,NA,NA,41
"baby back ribs",3,0,"meat","beef",0,0,NA,NA,NA,42
"bone in short rib",1,0,"meat","beef",0,0,NA,NA,NA,43
"strip steak",1,0,"meat","beef",0,0,NA,NA,NA,44
"tri tip",1,0,"meat","beef",0,0,NA,NA,NA,45
"brisket",0,0,"meat","beef",0,0,NA,NA,NA,46
"chicken breast",44,1,"meat","chicken",0,0,NA,NA,NA,47
"whole chicken",18,0,"meat","chicken",0,0,NA,NA,NA,48
"chicken thigh",17,1,"meat","chicken",0,0,NA,NA,NA,49
"ground chicken",4,0,"meat","chicken",0,0,NA,"chicken thigh",NA,50
"bone in chicken thigh",3,0,"meat","chicken",0,0,NA,NA,NA,51
"bone in chicken breast",2,0,"meat","chicken",0,0,NA,NA,NA,52
"chicken bones",2,0,"meat","chicken",0,0,NA,NA,NA,53
"chicken apple sausage",1,1,"meat","chicken",0,0,NA,NA,NA,54
"chicken leg quarters",1,0,"meat","chicken",0,0,NA,NA,NA,55
"leftover roast chicken",1,0,"meat","chicken",0,0,NA,NA,NA,56
"chicken wings",0,0,"meat","chicken",0,0,"","",0,57
"ground lamb",7,0,"meat","other",0,0,NA,NA,NA,58
"lamb",3,0,"meat","other",0,0,NA,NA,NA,59
"duck breast",2,1,"meat","other",0,0,NA,NA,NA,60
"ground veal",2,0,"meat","other",0,0,NA,NA,NA,61
"lamb loin chops",2,0,"meat","other",0,0,NA,NA,NA,62
"spam",1,0,"meat","other",0,0,"","",0,63
"the mix",1,0,"meat","other",0,0,"","",1,64
"bacon",21,1,"meat","pork",0,0,NA,NA,NA,65
"ground pork",15,1,"meat","pork",0,0,NA,"pork shoulder",NA,66
"pork shoulder",9,0,"meat","pork",0,0,NA,NA,NA,67
"pork loin",8,0,"meat","pork",0,0,NA,"pork tenderloin",NA,68
"spanish chorizo",5,0,"meat","pork",0,0,NA,NA,NA,69
"sweet italian sausage",5,0,"meat","pork",0,0,NA,NA,1,70
"pancetta",4,0,"meat","pork",0,0,NA,NA,NA,71
"breakfast sausage",2,0,"meat","pork",0,0,NA,NA,NA,72
"chorizo",2,0,"meat","pork",0,0,NA,NA,1,73
"pork belly",2,0,"meat","pork",0,0,"","bacon",0,74
"pork tenderloin",2,0,"meat","pork",0,0,NA,"pork loin",NA,75
"prosciutto",2,1,"meat","pork",0,0,NA,NA,NA,76
"bone-in pork chop",1,0,"meat","pork",0,0,NA,NA,NA,77
"ham",1,0,"meat","pork",0,0,NA,NA,NA,78
"ham hock",1,0,"meat","pork",0,0,NA,NA,NA,79
"pork chop",1,0,"meat","pork",0,0,NA,NA,NA,80
"sausage",3,0,"meat","sausage",0,0,NA,NA,NA,81
"linguica",2,0,"meat","sausage",0,0,NA,NA,NA,82
"andoullie sausage",1,0,"meat","sausage",0,0,"","",0,83
"bratwurst",1,0,"meat","sausage",0,0,NA,NA,1,84
"garlic sausage",1,0,"meat","sausage",0,0,NA,NA,1,85
"merguez sausage",1,0,"meat","sausage",0,0,NA,NA,1,86
"pepperoni",1,0,"meat","sausage",0,0,"","",0,87
"shrimp",17,0,"meat","seafood",0,0,NA,NA,NA,88
"salmon",7,0,"meat","seafood",0,0,NA,NA,NA,89
"cod",4,1,"meat","seafood",0,0,NA,NA,NA,90
"mahi mahi",3,0,"meat","seafood",0,0,NA,NA,NA,91
"halibut",2,0,"meat","seafood",0,0,"mahi mahi","cod",0,92
"crab",1,0,"meat","seafood",0,0,"","",0,93
"grouper",1,0,"meat","seafood",0,0,NA,NA,NA,94
"lump crap meat",1,0,"meat","seafood",0,0,"","",0,95
"skin on salmon",1,0,"meat","seafood",0,0,"salmon",NA,NA,96
"swordfish",1,0,"meat","seafood",0,0,NA,NA,NA,97
"tilapia",1,0,"meat","seafood",0,0,NA,NA,NA,98
"trout",1,0,"meat","seafood",0,0,NA,NA,NA,99
"tofu",11,1,"meat","tofu",1,1,NA,NA,NA,100
"silken tofu",1,0,"meat","tofu",1,1,"tofu",NA,NA,101
"ground turkey",6,1,"meat","turkey",0,0,NA,NA,NA,102
"turkey breast",1,0,"meat","turkey",0,0,NA,NA,NA,103
"white wine",15,1,"pantry","alcohol",1,1,NA,NA,NA,104
"vodka",7,0,"pantry","alcohol",1,1,NA,NA,NA,105
"lager",6,0,"pantry","alcohol",1,1,NA,NA,NA,106
"red wine",5,1,"pantry","alcohol",1,1,NA,NA,NA,107
"sherry",3,1,"pantry","alcohol",1,1,NA,NA,NA,108
"brandy",1,0,"pantry","alcohol",1,1,NA,NA,NA,109
"marsala wine",1,0,"pantry","alcohol",1,1,NA,NA,NA,110
"port wine",1,0,"pantry","alcohol",1,1,NA,NA,NA,111
"porter beer",1,0,"pantry","alcohol",1,1,NA,NA,NA,112
"sweet marsala",1,0,"pantry","alcohol",1,1,NA,NA,NA,113
"whiskey",1,1,"pantry","alcohol",1,1,NA,NA,NA,114
"canned chickpeas",7,1,"pantry","beans",1,1,NA,NA,NA,115
"black beans",5,1,"pantry","beans",1,1,NA,"canned black beans",NA,116
"canned cannelini beans",3,1,"pantry","beans",1,1,"canned chickpeas",NA,NA,117
"chickpeas",3,1,"pantry","beans",1,1,NA,NA,NA,118
"kidney beans",3,0,"pantry","beans",1,1,NA,NA,NA,119
"pinto beans",3,0,"pantry","beans",1,1,NA,"canned pinto beans",NA,120
"white beans",2,1,"pantry","beans",1,1,NA,NA,NA,121
"black eyed peas",1,0,"pantry","beans",1,1,NA,NA,NA,122
"canned black beans",1,1,"pantry","beans",1,1,NA,"black beans",NA,123
"canned cannellini beans",1,1,"pantry","beans",1,1,NA,NA,NA,124
"canned white beans",1,1,"pantry","beans",1,1,"canned cannelini beans","cannelini beans",NA,125
"cannelini beans",1,1,"pantry","beans",1,1,NA,NA,NA,126
"giant white beans",1,0,"pantry","beans",1,1,NA,NA,NA,127
"crusty bread",17,0,"pantry","bread",1,1,NA,"sandwich bread",NA,128
"sandwich bread",7,1,"pantry","bread",1,1,NA,"crusty bread",NA,129
"corn tortillas",6,1,"pantry","bread",1,1,NA,"flour tortillas",NA,130
"baguette",4,0,"pantry","bread",1,1,NA,"crusty bread",NA,131
"hamburger buns",4,1,"pantry","bread",1,1,NA,NA,NA,132
"hoagie rolls",4,0,"pantry","bread",1,1,NA,"hamburger bun",NA,133
"pita bread",4,0,"pantry","bread",1,1,NA,NA,1,134
"croutons",3,1,"pantry","bread",1,1,NA,"crusty bread",1,135
"flatbread",3,0,"pantry","bread",1,1,"naan","pita bread",1,136
"flour tortillas",3,1,"pantry","bread",1,1,NA,"corn tortillas",NA,137
"naan",3,0,"pantry","bread",1,1,"flatbread",NA,1,138
"tortillas",2,1,"pantry","bread",1,1,"corn tortillas, flour tortillas",NA,NA,139
"buttermilk biscuits",1,0,"pantry","bread",1,0,NA,NA,NA,140
"savory pastry dough",1,0,"pantry","bread",1,0,NA,NA,NA,141
"tomato paste",26,1,"pantry","canned",1,1,NA,NA,NA,142
"canned whole tomatoes",9,1,"pantry","canned",1,1,NA,"crushed tomatoes",NA,143
"coconut milk",9,1,"pantry","canned",1,1,NA,NA,NA,144
"chipotle",6,1,"pantry","canned",1,1,NA,NA,NA,145
"crushed tomatoes",4,0,"pantry","canned",1,1,"canned whole tomatoes",NA,NA,146
"tomato sauce",3,1,"pantry","canned",1,1,NA,"canned whole tomatoes, crushed tomatoes",NA,147
"black olives",2,1,"pantry","canned",1,1,"","",0,148
"canned tuna",2,0,"pantry","canned",0,0,NA,NA,NA,149
"diced tomatoes",2,0,"pantry","canned",1,1,NA,NA,NA,150
"canned baby clams",1,0,"pantry","canned",1,1,NA,NA,NA,151
"canned pineapple",1,0,"pantry","canned",1,1,"","pineapple",0,152
"clam juice",1,0,"pantry","canned",0,0,NA,NA,NA,153
"evaporated milk",1,1,"pantry","canned",1,1,NA,NA,NA,154
"water chestnuts",1,0,"pantry","canned",1,1,"","",0,155
"ancho chile",3,0,"pantry","chiles",1,1,NA,NA,NA,156
"guajillo chile",2,0,"pantry","chiles",1,1,NA,NA,NA,157
"pasilla chile",2,0,"pantry","chiles",1,1,NA,NA,NA,158
"arbol chile",1,0,"pantry","chiles",1,1,NA,NA,NA,159
"cascabel chile",1,0,"pantry","chiles",1,1,NA,NA,NA,160
"cubanelle pepper",1,0,"pantry","chiles",1,1,NA,NA,NA,161
"dried new mexico chile",1,0,"pantry","chiles",1,1,NA,NA,NA,162
"mulato chile",1,0,"pantry","chiles",1,1,NA,NA,NA,163
"pequin chile",1,0,"pantry","chiles",1,1,NA,NA,NA,164
"soy sauce",92,1,"pantry","condiment",1,1,NA,NA,NA,165
"fish sauce",27,1,"pantry","condiment",1,1,NA,NA,NA,166
"mayonnaise",22,1,"pantry","condiment",1,1,NA,"aioli",1,167
"dijon mustard",19,1,"pantry","condiment",1,1,NA,NA,NA,168
"tahini",18,1,"pantry","condiment",1,1,NA,NA,1,169
"dark soy sauce",11,1,"pantry","condiment",1,1,"","soy sauce",0,170
"oyster sauce",11,1,"pantry","condiment",0,0,NA,NA,NA,172
"maple syrup",10,1,"pantry","condiment",1,1,NA,NA,NA,171
"sriracha",10,1,"pantry","condiment",1,1,NA,NA,NA,173
"harissa",9,1,"pantry","condiment",1,1,NA,NA,NA,174
"ketchup",8,1,"pantry","condiment",1,1,NA,NA,NA,175
"peanut butter",8,1,"pantry","condiment",1,1,NA,NA,NA,176
"gochujang",7,1,"pantry","condiment",1,1,NA,NA,NA,177
"hot sauce",5,1,"pantry","condiment",1,1,"Frank's hot sauce",NA,NA,178
"miso",5,1,"pantry","condiment",1,1,NA,NA,NA,179
"szechuan chili oil",5,1,"pantry","condiment",1,1,"","",1,180
"barbecue sauce",4,1,"pantry","condiment",1,1,NA,NA,NA,181
"chinese sesame paste",4,1,"pantry","condiment",0,0,"","tahini, peanut butter",0,182
"shoyu",4,0,"pantry","condiment",1,1,"soy sauce","",0,183
"Frank's hot sauce",3,1,"pantry","condiment",1,1,"hot sauce",NA,NA,184
"hoisin sauce",3,1,"pantry","condiment",1,1,"","",0,185
"mild red wine olive oil vinaigrette",3,0,"pantry","condiment",1,1,NA,NA,1,186
"salsa verde",3,1,"pantry","condiment",1,1,NA,NA,1,187
"apricot preserves",2,0,"pantry","condiment",1,1,NA,NA,NA,188
"chili-garlic sauce",2,1,"pantry","condiment",1,1,NA,NA,NA,189
"chunky peanut butter",2,1,"pantry","condiment",1,1,NA,NA,NA,190
"date syrup",2,0,"pantry","condiment",1,1,"","",0,191
"hazelnut vinaigrette",2,0,"pantry","condiment",1,1,NA,NA,1,192
"horseradish",2,0,"pantry","condiment",1,1,NA,NA,NA,193
"low sodium soy sauce",2,1,"pantry","condiment",1,1,NA,"soy sauce",NA,194
"mild lemon olive oil vinaigrette",2,0,"pantry","condiment",1,1,NA,NA,1,195
"tartar sauce",2,0,"pantry","condiment",1,1,NA,NA,1,196
"aioli",1,0,"pantry","condiment",1,0,NA,"mayonnaise",1,197
"bibimbap sauce",1,0,"pantry","condiment",1,1,"","",1,198
"burnt garlic sesame and chile oil",1,0,"pantry","condiment",1,1,"","",1,199
"caesar dressing",1,1,"pantry","condiment",0,0,NA,NA,1,200
"fig preserves",1,0,"pantry","condiment",1,1,NA,NA,NA,201
"ginger peanut dressing",1,0,"pantry","condiment",1,1,NA,NA,NA,202
"green curry paste",1,1,"pantry","condiment",1,1,NA,NA,NA,203
"hummus",1,1,"pantry","condiment",1,1,NA,NA,1,204
"nuoc cham",1,0,"pantry","condiment",0,0,"","",1,205
"pine nut vinaigrette",1,0,"pantry","condiment",1,1,NA,NA,1,206
"ponzu sauce",1,0,"pantry","condiment",1,1,"","",0,207
"shanghai style scallion oil",1,0,"pantry","condiment",1,1,"","",1,208
"tamari",1,0,"pantry","condiment",1,1,"soy sauce","",0,209
"teriyaki sauce",1,1,"pantry","condiment",1,1,NA,NA,1,210
"xo pepperoni sauce",1,0,"pantry","condiment",0,0,"","",1,211
"do chua",0,0,"pantry","condiment",1,1,"","",1,212
"raisins",7,1,"pantry","dried fruit",1,1,NA,"currants",NA,213
"dried cranberries",5,1,"pantry","dried fruit",1,1,NA,"dried cherries",NA,214
"dried cherries",4,0,"pantry","dried fruit",1,1,NA,"dried cranberries",NA,215
"currants",3,0,"pantry","dried fruit",1,1,NA,"raisins",NA,216
"dried apricots",3,0,"pantry","dried fruit",1,1,NA,NA,NA,217
"golden raisins",3,1,"pantry","dried fruit",1,1,NA,NA,NA,218
"dates",2,0,"pantry","dried fruit",1,1,NA,"dried figs",NA,219
"dried figs",2,0,"pantry","dried fruit",1,1,NA,"dates",NA,220
"prunes",1,0,"pantry","dried fruit",1,1,NA,NA,NA,221
"sugar",89,1,"pantry","dry",1,1,NA,NA,NA,222
"flour",72,1,"pantry","dry",1,1,NA,NA,NA,223
"cornstarch",39,1,"pantry","dry",1,1,NA,NA,NA,224
"sesame seeds",32,1,"pantry","dry",1,1,NA,NA,NA,225
"baking soda",29,1,"pantry","dry",1,1,NA,NA,NA,226
"baking powder",21,1,"pantry","dry",1,1,NA,NA,NA,227
"panko",19,1,"pantry","dry",1,1,"bread crumbs",NA,NA,228
"brown sugar",17,1,"pantry","dry",1,1,"dark brown sugar",NA,NA,229
"dark brown sugar",16,1,"pantry","dry",1,1,"brown sugar",NA,NA,230
"bread crumbs",7,1,"pantry","dry",1,1,"panko","crusty bread",NA,231
"gelatin",6,0,"pantry","dry",0,0,NA,NA,NA,232
"instant yeast",5,1,"pantry","dry",1,1,"active dry yeast",NA,NA,233
"palm sugar",4,0,"pantry","dry",1,1,NA,"brown sugar, dark brown sugar",NA,234
"powdered sugar",4,1,"pantry","dry",1,1,NA,NA,NA,235
"active dry yeast",3,1,"pantry","dry",1,1,"instant yeast",NA,NA,236
"cornmeal",3,1,"pantry","dry",1,1,NA,NA,NA,237
"cornstartch",2,1,"pantry","dry",1,1,NA,NA,NA,238
"unsweetened coconut chips",2,1,"pantry","dry",1,1,NA,NA,NA,239
"bread flour",1,1,"pantry","dry",1,1,NA,NA,NA,240
"chickpea flour",1,0,"pantry","dry",1,1,"","flour, bread flour",0,241
"cocoa powder",1,1,"pantry","dry",1,1,NA,NA,NA,242
"potato flour",1,1,"pantry","dry",1,1,"","",0,243
"rice flour",1,0,"pantry","dry",1,1,NA,NA,NA,244
"olive oil",225,1,"pantry","fat",1,1,NA,"vegetable oil, canola oil",NA,245
"canola oil",115,1,"pantry","fat",1,1,"vegetable oil","peanut oil",NA,246
"vegetable oil",52,1,"pantry","fat",1,1,"canola oil","peanut oil",NA,247
"sesame oil",47,1,"pantry","fat",1,1,NA,NA,NA,248
"ghee",5,1,"pantry","fat",1,0,NA,"canola oil, butter",1,249
"lard",4,0,"pantry","fat",0,0,NA,"shortening",NA,250
"peanut oil",4,0,"pantry","fat",1,1,"canola oil, vegetable oil",NA,NA,251
"coconut oil",3,1,"pantry","fat",1,1,NA,"canola oil",NA,252
"bacon fat",2,1,"pantry","fat",0,0,NA,"butter, olive oil, duck fat",NA,253
"duck fat",2,0,"pantry","fat",0,0,NA,"butter, olive oil, bacon fat",NA,254
"hazelnut oil",1,1,"pantry","fat",1,1,NA,NA,NA,255
"shortening",1,0,"pantry","fat",1,1,NA,"lard",NA,256
"walnut oil",1,1,"pantry","fat",1,1,NA,NA,NA,257
"rice",27,1,"pantry","grain",1,1,"white rice, brown rice",NA,NA,258
"basmati rice",8,1,"pantry","grain",1,1,NA,"rice, brown rice",NA,259
"farro",7,1,"pantry","grain",1,1,NA,"barley",NA,260
"white rice",7,1,"pantry","grain",1,1,"rice","brown rice",NA,261
"barley",5,1,"pantry","grain",1,1,NA,"farro",NA,262
"couscous",5,1,"pantry","grain",1,1,NA,NA,NA,263
"green lentils",5,1,"pantry","grain",1,1,NA,"brown lentils",NA,264
"black lentils",4,0,"pantry","grain",1,1,NA,NA,NA,265
"jasmine rice",4,1,"pantry","grain",1,1,"","rice",0,266
"arborio rice",2,1,"pantry","grain",1,1,NA,NA,NA,267
"brown lentils",2,0,"pantry","grain",1,1,NA,"green lentils",NA,268
"lentils",2,1,"pantry","grain",1,1,"green lentils, brown lentils, black lentils",NA,NA,269
"wheat berries",2,0,"pantry","grain",1,1,NA,"barley",NA,270
"corn grits",1,1,"pantry","grain",1,1,NA,NA,NA,271
"grits",1,1,"pantry","grain",1,1,NA,NA,NA,272
"old fashioned rolled oats",1,1,"pantry","grain",1,1,NA,NA,NA,273
"quinoa",1,1,"pantry","grain",1,1,"","",0,274
"red lentils",1,0,"pantry","grain",1,1,"","",0,275
"wild rice",1,0,"pantry","grain",1,1,NA,NA,NA,276
"honey",31,1,"pantry","misc",1,1,NA,NA,NA,277
"marmite",8,1,"pantry","misc",1,1,NA,NA,NA,278
"dried red chile pepper",7,0,"pantry","misc",1,1,"","szechuan chili oil",0,279
"leftover rice",7,0,"pantry","misc",1,1,"rice","",1,280
"msg",6,1,"pantry","misc",1,1,"","",0,281
"puff pastry",6,1,"pantry","misc",1,0,NA,"pie dough",1,282
"pomegranate molasses",4,1,"pantry","misc",1,1,NA,NA,NA,283
"vanilla extract",4,1,"pantry","misc",1,1,NA,NA,NA,284
"white miso",4,1,"pantry","misc",1,1,NA,NA,NA,285
"dashi",3,1,"pantry","misc",1,1,"","hondashi",1,286
"dried wood ear mushroom",3,1,"pantry","misc",1,1,"","",0,287
"frangipane",3,0,"pantry","misc",1,1,NA,NA,1,288
"parmesan rind",3,0,"pantry","misc",1,0,NA,NA,NA,289
"pie dough",3,0,"pantry","misc",1,0,NA,"puff pastry",1,290
"pineapple juice",3,0,"pantry","misc",1,1,NA,NA,NA,291
"aji amarillo paste",2,1,"pantry","misc",1,1,NA,NA,NA,292
"club soda",2,0,"pantry","misc",1,1,NA,NA,NA,293
"doubanjiang",2,1,"pantry","misc",1,1,"","",0,294
"dried mushrooms",2,0,"pantry","misc",1,1,NA,NA,NA,295
"dried porcini mushrooms",2,0,"pantry","misc",1,1,NA,NA,NA,296
"frozen grated coconut",2,0,"pantry","misc",1,1,NA,NA,NA,297
"kombu",2,1,"pantry","misc",1,1,"","",0,298
"red pasta sauce",2,0,"pantry","misc",1,1,NA,NA,1,299
"rice cakes",2,0,"pantry","misc",1,1,"","",0,300
"tamarind paste",2,0,"pantry","misc",1,1,"","",0,301
"agave nectar",1,1,"pantry","misc",1,1,NA,NA,NA,302
"almond extract",1,1,"pantry","misc",1,1,NA,NA,NA,303
"almond paste",1,0,"pantry","misc",1,1,NA,NA,NA,304
"apple juice",1,0,"pantry","misc",1,1,NA,NA,NA,305
"black bean burger",1,0,"pantry","misc",1,1,NA,NA,1,306
"chile paste",1,0,"pantry","misc",0,0,NA,NA,1,307
"coke",1,1,"pantry","misc",1,1,NA,NA,NA,308
"dried daylily buds",1,0,"pantry","misc",1,1,"","",0,309
"dried fermented black beans",1,0,"pantry","misc",1,1,"","",0,310
"dried shiitake mushroom",1,0,"pantry","misc",1,1,"","dried mushrooms, dried porcini mushrooms",0,311
"flax seed",1,1,"pantry","misc",1,1,NA,NA,NA,312
"fried shallots",1,0,"pantry","misc",1,1,"","",1,313
"gyoza wrappers",1,0,"pantry","misc",1,1,NA,NA,NA,314
"laksa paste",1,1,"pantry","misc",0,0,NA,NA,NA,315
"makrut lime leaf",1,0,"pantry","misc",1,1,"","lime",0,316
"nori",1,0,"pantry","misc",1,1,"","",0,317
"red miso",1,0,"pantry","misc",1,1,"miso",NA,NA,318
"shirataki",1,0,"pantry","misc",1,1,"","",0,319
"sofrito",1,0,"pantry","misc",1,1,"","",1,320
"almonds",14,1,"pantry","nut",1,1,NA,NA,NA,321
"pepitas",13,1,"pantry","nut",1,1,NA,NA,NA,322
"pine nuts",11,1,"pantry","nut",1,1,NA,NA,NA,323
"dry roasted peanuts",9,1,"pantry","nut",1,1,NA,NA,NA,324
"walnuts",7,1,"pantry","nut",1,1,NA,NA,NA,325
"hazelnuts",6,0,"pantry","nut",1,1,NA,NA,NA,326
"peanuts",6,1,"pantry","nut",1,1,NA,NA,NA,327
"pistachios",5,1,"pantry","nut",1,1,NA,NA,NA,328
"cashews",4,1,"pantry","nut",1,1,NA,NA,NA,329
"pecans",4,1,"pantry","nut",1,1,NA,NA,NA,330
"sunflower seeds",2,1,"pantry","nut",1,1,NA,NA,NA,331
"pasta",16,1,"pantry","pasta",1,1,NA,NA,1,332
"noodles",9,1,"pantry","pasta",1,1,NA,NA,NA,333
"spaghetti",5,1,"pantry","pasta",1,1,NA,"pasta",NA,334
"fettucine",3,0,"pantry","pasta",1,1,NA,"pasta",NA,335
"elbow macaroni",2,1,"pantry","pasta",1,1,NA,"pasta",NA,336
"lasagna noodles",2,0,"pantry","pasta",1,1,NA,NA,1,337
"lo mein noodles",2,1,"pantry","pasta",1,1,NA,NA,NA,341
"orzo",2,0,"pantry","pasta",1,1,NA,NA,NA,338
"rice vermicelli",2,0,"pantry","pasta",1,1,"rice noodles",NA,NA,339
"linguine",1,0,"pantry","pasta",1,1,NA,"pasta",NA,340
"rice noodles",1,0,"pantry","pasta",1,1,NA,NA,NA,342
"capers",17,1,"pantry","pickles",1,1,NA,NA,NA,343
"anchovies",16,1,"pantry","pickles",0,0,NA,NA,NA,344
"preserved lemon",7,1,"pantry","pickles",1,1,NA,"lemon",1,345
"kimchi",6,1,"pantry","pickles",1,1,NA,NA,NA,346
"castlevetrano olives",5,1,"pantry","pickles",1,1,NA,NA,NA,347
"kalamata olives",5,0,"pantry","pickles",1,1,NA,NA,NA,348
"pickle",5,1,"pantry","pickles",1,1,NA,NA,NA,349
"pickled onion",4,1,"pantry","pickles",1,1,NA,"red onion",1,350
"pimento olives",3,1,"pantry","pickles",1,1,NA,NA,NA,351
"ya cai",2,1,"pantry","pickles",1,1,"","",0,352
"pickled chiles",1,0,"pantry","pickles",1,1,"","",1,353
"sauerkraut",1,1,"pantry","pickles",1,1,NA,NA,NA,354
"tortilla chips",2,0,"pantry","snack",1,1,NA,NA,NA,355
"crackers",1,1,"pantry","snack",1,1,NA,NA,NA,356
"graham cracker",1,1,"pantry","snack",1,1,"","",0,357
"pita chips",1,1,"pantry","snack",1,1,NA,"pita bread",NA,358
"sriracha peas",1,0,"pantry","snack",1,1,NA,NA,NA,359
"wasabi peas",1,0,"pantry","snack",1,1,NA,NA,NA,360
"chicken stock",87,1,"pantry","stock",0,0,NA,"vegetable stock",1,361
"vegetable stock",3,0,"pantry","stock",1,1,NA,"chicken stock",NA,362
"parmesan broth",1,0,"pantry","stock",0,0,NA,NA,1,363
"shellfish stock",1,0,"pantry","stock",0,0,NA,"chicken stock",NA,364
"red wine vinegar",30,1,"pantry","vinegar",1,1,NA,NA,NA,365
"apple cider vinegar",23,1,"pantry","vinegar",1,1,NA,NA,NA,366
"xiaoxing wine",22,1,"pantry","vinegar",1,1,NA,NA,NA,367
"balsamic vinegar",17,1,"pantry","vinegar",1,1,NA,NA,NA,368
"rice vinegar",17,1,"pantry","vinegar",1,1,"rice wine vinegar",NA,NA,369
"white vinegar",17,1,"pantry","vinegar",1,1,"white wine vinegar",NA,NA,370
"chinkiang vinegar",15,1,"pantry","vinegar",1,1,"","balsamic vinegar",0,371
"white wine vinegar",15,1,"pantry","vinegar",1,1,"white vinegar","rice wine vinegar",NA,372
"mirin",11,1,"pantry","vinegar",1,1,NA,NA,NA,373
"worcestershire sauce",11,1,"pantry","vinegar",0,0,NA,NA,NA,374
"rice wine vinegar",10,1,"pantry","vinegar",1,1,"rice vinegar","white wine vinegar",NA,375
"sake",9,1,"pantry","vinegar",1,1,NA,NA,NA,376
"sherry vinegar",7,1,"pantry","vinegar",1,1,NA,"sherry wine, apple cider vinegar",NA,377
"raspberry vinegar",1,0,"pantry","vinegar",1,1,NA,NA,NA,378
"sherry wine",1,1,"pantry","vinegar",1,1,NA,"sherry vinegar",NA,379
"garlic",286,1,"produce","allium",1,1,NA,NA,NA,380
"onion",108,1,"produce","allium",1,1,NA,"shallot",NA,381
"scallions",101,1,"produce","allium",1,1,NA,"onion",NA,382
"shallot",78,1,"produce","allium",1,1,NA,"onion",NA,383
"red onion",34,0,"produce","allium",1,1,NA,"onion",NA,384
"leek",8,0,"produce","allium",1,1,NA,NA,NA,385
"white onion",7,0,"produce","allium",1,1,NA,"onion",NA,386
"chinese chives",1,0,"produce","allium",1,1,"","chives",0,387
"sweet onion",1,0,"produce","allium",1,1,NA,"onion",NA,388
"lemon",133,1,"produce","fruit",1,1,NA,"meyer lemon",NA,389
"lime",70,0,"produce","fruit",1,1,NA,"lemon",NA,390
"orange",16,1,"produce","fruit",1,1,NA,NA,NA,391
"granny smith apple",8,0,"produce","fruit",1,1,NA,NA,NA,392
"mango",6,1,"produce","fruit",1,1,NA,NA,NA,393
"apple",4,1,"produce","fruit",1,1,NA,NA,NA,394
"blood orange",3,0,"produce","fruit",1,1,"orange",NA,NA,395
"grapefruit",3,0,"produce","fruit",1,1,NA,NA,NA,396
"grapes",3,0,"produce","fruit",1,1,NA,NA,NA,397
"meyer lemon",3,0,"produce","fruit",1,1,NA,"lemon",NA,398
"pear",3,0,"produce","fruit",1,1,NA,NA,NA,399
"pineapple",3,0,"produce","fruit",1,1,NA,NA,NA,400
"pomegranate",3,0,"produce","fruit",1,1,NA,NA,NA,401
"asian pear",2,0,"produce","fruit",1,1,NA,NA,NA,402
"blueberries",2,0,"produce","fruit",1,1,"","",0,403
"strawberries",2,0,"produce","fruit",1,1,NA,NA,NA,404
"tangerine",2,0,"produce","fruit",1,1,NA,"orange",NA,405
"coconut",1,0,"produce","fruit",1,1,NA,NA,NA,406
"green apple",1,0,"produce","fruit",1,1,NA,NA,NA,407
"green plantain",1,0,"produce","fruit",1,1,NA,NA,NA,408
"papaya",1,0,"produce","fruit",1,1,NA,NA,NA,409
"persimmon",1,0,"produce","fruit",1,1,NA,NA,NA,410
"plums",1,0,"produce","fruit",1,1,NA,NA,NA,411
"parsley",104,0,"produce","herb",1,1,NA,NA,NA,412
"cilantro",100,1,"produce","herb",1,1,NA,NA,NA,413
"mint",38,0,"produce","herb",1,1,NA,"dried mint",NA,414
"thyme",34,0,"produce","herb",1,1,NA,"dried thyme",NA,415
"chives",29,0,"produce","herb",1,1,NA,"dried chives",NA,416
"basil",27,0,"produce","herb",1,1,NA,"dried basil",NA,417
"oregano",19,1,"produce","herb",1,1,NA,"dried oregano",NA,418
"dill",17,1,"produce","herb",1,1,NA,"dried dill",NA,419
"rosemary",11,0,"produce","herb",1,1,NA,"dried rosemary",NA,420
"tarragon",9,0,"produce","herb",1,1,NA,NA,NA,421
"thai basil",9,0,"produce","herb",1,1,NA,NA,NA,423
"sage",8,0,"produce","herb",1,1,NA,"dried sage",NA,422
"chervil",2,0,"produce","herb",1,1,NA,"parsley",NA,424
"lemongrass",1,0,"produce","herb",1,1,NA,NA,NA,425
"kale",19,1,"produce","leaf",1,1,NA,"spinach",NA,426
"spinach",14,1,"produce","leaf",1,1,NA,"kale",NA,427
"arugula",9,0,"produce","leaf",1,1,NA,NA,NA,428
"romaine lettuce",7,0,"produce","leaf",1,1,NA,NA,NA,429
"iceberg lettuce",6,0,"produce","leaf",1,1,NA,"shredded lettuce",NA,430
"shredded lettuce",2,0,"produce","leaf",1,1,"iceberg lettuce",NA,NA,431
"watercress",2,0,"produce","leaf",1,1,NA,NA,NA,432
"butter lettuce",1,0,"produce","leaf",1,1,"","romaine lettuce",0,433
"chard",1,0,"produce","leaf",1,1,"","",0,434
"collard greens",1,0,"produce","leaf",1,1,"","",0,435
"romaine hearts",1,0,"produce","leaf",1,1,NA,NA,NA,436
"salad greens",1,0,"produce","leaf",1,1,NA,NA,NA,437
"mushrooms",25,0,"produce","mushroom",1,1,"cremini mushrooms, white mushrooms",NA,NA,438
"shiitake mushrooms",9,0,"produce","mushroom",1,1,NA,"mushrooms",NA,439
"cremini mushrooms",4,0,"produce","mushroom",1,1,"mushrooms","white mushrooms",NA,440
"white mushrooms",1,0,"produce","mushroom",1,1,"mushrooms","cremini mushrooms",NA,441
"jalapeno",42,0,"produce","pepper",1,1,NA,NA,NA,442
"thai chili",13,0,"produce","pepper",1,1,NA,"serrano pepper, jalapeno",NA,443
"red hot chili pepper",9,0,"produce","pepper",1,1,"","szechuan chili oil",0,444
"serrano pepper",8,0,"produce","pepper",1,1,NA,NA,NA,445
"poblano pepper",5,0,"produce","pepper",1,1,NA,NA,NA,446
"new mexico chile",4,0,"produce","pepper",1,1,NA,NA,NA,447
"california chile",2,0,"produce","pepper",1,1,NA,NA,NA,448
"shishito peppers",1,0,"produce","pepper",1,1,"","",0,449
"ginger",83,1,"produce","root",1,1,NA,NA,NA,450
"carrot",54,1,"produce","root",1,1,NA,NA,NA,451
"russet potato",18,1,"produce","root",1,1,NA,NA,NA,452
"sweet potato",11,1,"produce","root",1,1,NA,NA,NA,453
"yukon gold potato",11,0,"produce","root",1,1,NA,NA,NA,454
"beets",7,0,"produce","root",1,1,NA,NA,NA,455
"radish",6,0,"produce","root",1,1,NA,NA,NA,456
"daikon",4,1,"produce","root",1,1,NA,NA,NA,457
"fingerling potatoes",3,0,"produce","root",1,1,NA,NA,NA,458
"baby potatoes",2,0,"produce","root",1,1,NA,NA,NA,459
"jicama",2,0,"produce","root",1,1,NA,NA,NA,460
"new potato",2,0,"produce","root",1,1,NA,"yukon gold potato, baby potatoes",NA,461
"pearl onions",2,0,"produce","root",1,1,NA,NA,NA,462
"baby turnips",1,0,"produce","root",1,1,NA,NA,NA,463
"kohlrabi",1,0,"produce","root",1,1,NA,NA,NA,464
"lotus root",1,0,"produce","root",1,1,NA,NA,NA,465
"parsnip",1,0,"produce","root",1,1,NA,NA,NA,466
"zucchini",16,1,"produce","squash",1,1,NA,NA,NA,467
"butternut squash",6,1,"produce","squash",1,1,NA,NA,NA,468
"summer squash",6,0,"produce","squash",1,1,NA,NA,NA,469
"kabocha squash",3,1,"produce","squash",1,1,NA,NA,NA,470
"acorn squash",1,0,"produce","squash",1,1,NA,NA,NA,471
"delicata squash",1,0,"produce","squash",1,1,"","butternut squash",0,472
"pumpkin",1,0,"produce","squash",1,1,"","",0,473
"celery",27,0,"produce","vegetable",1,1,NA,NA,NA,474
"cucumber",27,1,"produce","vegetable",1,1,NA,NA,NA,475
"bell pepper",18,1,"produce","vegetable",1,1,"red bell pepper",NA,NA,476
"avocado",15,0,"produce","vegetable",1,1,NA,NA,NA,477
"cabbage",14,1,"produce","vegetable",1,1,"red cabbage, green cabbage",NA,NA,478
"green beans",14,0,"produce","vegetable",1,1,NA,NA,NA,479
"broccoli",12,0,"produce","vegetable",1,1,NA,NA,NA,480
"cauliflower",12,0,"produce","vegetable",1,1,NA,NA,NA,481
"corn",11,1,"produce","vegetable",1,1,"corn on the cob",NA,NA,482
"frozen peas",11,1,"produce","vegetable",1,1,NA,NA,NA,483
"asparagus",10,1,"produce","vegetable",1,1,NA,NA,NA,484
"eggplant",10,0,"produce","vegetable",1,1,NA,NA,NA,485
"snap peas",10,0,"produce","vegetable",1,1,NA,NA,NA,486
"brussels sprouts",8,0,"produce","vegetable",1,1,NA,NA,NA,487
"bean sprouts",7,1,"produce","vegetable",1,1,NA,NA,NA,488
"corn on the cob",6,0,"produce","vegetable",1,1,NA,NA,NA,489
"edamame",6,1,"produce","vegetable",1,1,NA,NA,NA,490
"fava beans",5,1,"produce","vegetable",1,1,NA,NA,NA,491
"fennel bulb",5,0,"produce","vegetable",1,1,NA,NA,NA,492
"green cabbage",5,1,"produce","vegetable",1,1,NA,"red cabbage",NA,493
"peas",5,1,"produce","vegetable",1,1,NA,NA,NA,494
"red bell pepper",5,1,"produce","vegetable",1,1,"bell pepper",NA,NA,495
"tomatillo",5,0,"produce","vegetable",1,1,NA,NA,NA,496
"bok choy",4,0,"produce","vegetable",1,1,"","",0,497
"napa cabbage",3,0,"produce","vegetable",1,1,NA,NA,NA,498
"red cabbage",3,0,"produce","vegetable",1,1,NA,"green cabbage",NA,499
"tomato",3,0,"produce","vegetable",1,1,NA,NA,NA,500
"artichoke hearts",2,1,"produce","vegetable",1,1,NA,NA,NA,501
"chinese broccoli",2,0,"produce","vegetable",1,1,"","",0,502
"chinese eggplant",2,0,"produce","vegetable",1,1,"","",0,503
"lima beans",2,0,"produce","vegetable",1,1,NA,NA,NA,504
"persian cucumber",2,0,"produce","vegetable",1,1,NA,"cucumber",NA,505
"rhubarb",2,0,"produce","vegetable",1,1,NA,NA,NA,506
"broccoli rabe",1,0,"produce","vegetable",1,1,NA,NA,NA,507
"rutabaga",1,0,"produce","vegetable",1,1,NA,NA,NA,508
"sprouts",1,0,"produce","vegetable",1,1,NA,NA,NA,509
"red pepper flakes",41,1,"spice","spice",1,1,NA,NA,NA,510
"cumin",40,1,"spice","spice",1,1,"cumin seed",NA,NA,511
"dried oregano",34,1,"spice","spice",1,1,"oregano",NA,NA,512
"black pepper",31,1,"spice","spice",1,1,NA,NA,NA,513
"bay leaf",30,1,"spice","spice",1,1,NA,NA,NA,514
"cayenne pepper",28,1,"spice","spice",1,1,NA,NA,NA,515
"turmeric",28,1,"spice","spice",1,1,NA,NA,NA,516
"coriander",27,1,"spice","spice",1,1,"coriander seed",NA,NA,517
"paprika",22,1,"spice","spice",1,1,NA,NA,NA,518
"cinnamon",18,1,"spice","spice",1,1,NA,NA,NA,519
"chili powder",16,1,"spice","spice",1,1,NA,NA,NA,520
"cumin seed",16,1,"spice","spice",1,1,NA,NA,NA,521
"fennel seed",15,1,"spice","spice",1,1,NA,NA,NA,522
"white pepper",14,1,"spice","spice",1,1,NA,NA,NA,524
"szechuan peppercorn",13,1,"spice","spice",1,1,"","",0,523
"garlic powder",12,1,"spice","spice",1,1,NA,NA,NA,525
"garam masala",11,1,"spice","spice",1,1,NA,NA,NA,526
"aleppo pepper",10,1,"spice","spice",1,1,NA,NA,NA,527
"nutmeg",10,1,"spice","spice",1,1,NA,NA,NA,528
"smoked paprika",10,1,"spice","spice",1,1,NA,NA,NA,529
"amchur powder",7,1,"spice","spice",1,1,"","",0,530
"cardamon",7,1,"spice","spice",1,1,NA,NA,NA,531
"star anise",7,1,"spice","spice",1,1,"","",0,532
"sumac",7,1,"spice","spice",1,1,NA,NA,NA,533
"cinnamon stick",6,1,"spice","spice",1,1,NA,"cinnamon",NA,534
"saffron",6,1,"spice","spice",1,1,NA,NA,NA,535
"black mustard seed",5,1,"spice","spice",1,1,NA,NA,NA,536
"cloves",5,1,"spice","spice",1,1,NA,NA,NA,537
"dried thyme",5,1,"spice","spice",1,1,NA,"thyme",NA,538
"gochugaru",4,1,"spice","spice",1,1,"","",0,539
"ground cloves",4,1,"spice","spice",1,1,NA,NA,NA,540
"mexican oregano",4,1,"spice","spice",1,1,NA,NA,NA,541
"onion powder",4,1,"spice","spice",1,1,NA,NA,NA,542
"ancho chile powder",3,1,"spice","spice",1,1,NA,NA,1,543
"black peppercorns",3,1,"spice","spice",1,1,NA,NA,NA,544
"chile powder",3,1,"spice","spice",1,1,NA,NA,NA,545
"ground ginger",3,1,"spice","spice",1,1,NA,NA,NA,546
"hondashi",3,1,"spice","spice",1,1,"","",0,547
"kala namak",3,1,"spice","spice",1,1,"","",0,548
"memphis rub",3,1,"spice","spice",1,1,NA,NA,1,549
"mustard powder",3,1,"spice","spice",1,1,NA,NA,NA,550
"poppy seeds",3,1,"spice","spice",1,1,NA,NA,NA,551
"celery salt",2,1,"spice","spice",1,1,NA,NA,NA,552
"celery seed",2,0,"spice","spice",1,1,NA,NA,NA,553
"dried basil",2,1,"spice","spice",1,1,NA,"basil",NA,554
"dried mint",2,1,"spice","spice",1,1,"","mint",0,555
"dried rosemary",2,0,"spice","spice",1,1,NA,NA,NA,556
"dry mustard",2,1,"spice","spice",1,1,NA,NA,NA,557
"five spice powder",2,1,"spice","spice",1,1,NA,NA,NA,558
"kashmiri chilli",2,1,"spice","spice",1,1,"","aleppo pepper",0,559
"katsuobushi",2,1,"spice","spice",1,1,"","",0,560
"nigella seeds",2,1,"spice","spice",1,1,NA,NA,NA,561
"poultry rub",2,1,"spice","spice",1,1,NA,NA,NA,562
"asafetida",1,1,"spice","spice",1,1,"","",0,563
"caraway seed",1,0,"spice","spice",1,1,NA,NA,NA,564
"dried chives",1,1,"spice","spice",1,1,"chives","",0,565
"epazote",1,0,"spice","spice",1,1,NA,NA,NA,566
"fenugreek seeds",1,1,"spice","spice",1,1,"","",0,567
"furikake",1,1,"spice","spice",1,0,"","",0,568
"green peppercorns",1,1,"spice","spice",1,1,"","black pepper",0,569
"ground allspice",1,1,"spice","spice",1,1,NA,NA,NA,570
"ground mace",1,0,"spice","spice",1,1,"nutmeg",NA,NA,571
"ground sage",1,1,"spice","spice",1,1,NA,NA,NA,572
"marjoram",1,0,"spice","spice",1,1,NA,NA,NA,573
"sichuan peppercorns",1,1,"spice","spice",1,1,"","",0,574
"togarashi",1,1,"spice","spice",1,1,"","",0,575
"zaatar",1,1,"spice","spice",1,1,NA,NA,NA,576
