"Meal","Source","Page","Cuisine","Type","Ingredients"
"Grilled cheese sandwich","Noggin",NA,"western","main","mayonnaise or parmesan or , american cheese or cheddar or jack cheese, sandwich bread, butter"
"pumpkin seed chutney","the flavor equation",323,"indian","sauce","pepitas, cilantro, mint, lime, olive oil, black peppercorns, garlic, serrano pepper, ginger, cumin"
"mint chutney","the flavor equation",322,"indian","sauce","cilantro, mint, serrano pepper, ginger, lime, rice vinegar"
"green apple chutney","the flavor equation",322,"indian","sauce","granny smith apple, dried cranberries, ginger, aleppo pepper, brown sugar, apple cider vinegar"
"burnt shallot dip","the flavor equation",314,"western","appetizer","shallot, canola oil, greek yogurt, lemon, black pepper, olive oil, nigella seeds, chives"
"braised cabbage with coconut","the flavor equation",291,"indian","side","frozen grated coconut or , green cabbage, canola oil, black mustard seed, aleppo pepper, onion, garlic, black pepper, cilantro"
"roasted eggplant raita","the flavor equation",288,"indian","side","jalapeno or , eggplant, olive oil, shallot, cilantro, mint, black pepper, greek yogurt, lime, canola oil, black mustard seed, cumin seed, aleppo pepper"
"cucumber and roasted corn salad","the flavor equation",287,"western","salad","corn on the cob, olive oil, cucumber, shallot, pepitas, black mustard seed, sherry vinegar, fish sauce, honey, aleppo pepper, black pepper"
"crab tikka masala dip","the flavor equation",284,"indian","appetizer","olive oil, shallot, garlic, paprika, kashmiri chilli, coriander, cumin, black pepper, nutmeg, tomato paste, cream cheese, creme fraiche, lump crap meat, lime, scallions"
"lamb koftas in almond gravy","the flavor equation",264,"indian","main","jalapeno or mint or naan or , ground beef or ground lamb, onion, turmeric, coriander, chili powder, garlic, ginger, egg, olive oil, almonds, lemon, rice"
"spiced roast chicken","the flavor equation",263,"indian","main","butter, garlic, coriander, dried oregano, black pepper, turmeric, smoked paprika, kashmiri chilli, whole chicken, chicken stock, lemon"
"black pepper chicken","the flavor equation",260,"indian","main","cilantro or , chicken thigh or chicken breast, black peppercorns, coriander, fennel seed, turmeric, lime, coconut oil, onion, garlic, ginger, coconut milk, rice"
"masala shrimp","the flavor equation",259,"indian","main","chives or , shrimp, olive oil, garlic, ginger, tomato paste, lime, garam masala, cayenne pepper, cinnamon"
"garlic and ginger dal with greens","the flavor equation",256,"indian","soup","ghee or asafetida or , rice or flatbread or naan, kale or spinach, red lentils, turmeric, ginger, garlic, chili powder"
"roasted delicata squash with herbed yogurt dressing","the flavor equation",253,"western","side","jalapeno or , delicata squash, olive oil, black pepper, greek yogurt, cilantro, shallot, garlic, ginger, lemon, pepitas, scallions"
"spiced potato pancakes","the flavor equation",249,"indian","side","jalapeno or , yukon gold potato, onion, cilantro, amchur powder, coriander, cumin, egg, ghee"
"fried eggs with masala hash browns and green peppercorn chutney","the flavor equation",245,"indian","breakfast","ghee, yukon gold potato, onion, garam masala, cayenne pepper, kala namak, amchur powder, cilantro, tomatillo, olive oil, apple cider vinegar, garlic, green peppercorns, jalapeno, egg"
"goan shrimp and olive pulao","the flavor equation",219,"mediterranean","appetizer","greek yogurt or , black olives, basmati rice, white onion, olive oil, cinnamon stick, cloves, cardamon, garlic, ginger, cayenne pepper, tomato paste, chicken stock, shrimp, lemon, scallions"
"stir fried cabbage","the flavor equation",219,"asian","side","green cabbage, canola oil, garlic, black pepper, low sodium soy sauce, sesame oil"
"hot honeycomb candy","the flavor equation",199,"western","dessert","cayenne pepper or , baking soda, sugar, honey"
"masala cheddar cornbread","the flavor equation",180,"indian","side","ghee or butter, cornmeal, flour, baking powder, coriander, fennel seed, aleppo pepper, turmeric, cayenne pepper, cheddar, corn, dark brown sugar, honey, whole milk"
"honey turmeric chicken kebabs with pineapple","the flavor equation",180,"mediterranean","meal","lime, olive oil, garlic, honey, black pepper, coriander, chili powder, turmeric, chicken breast, pineapple, red onion, bell pepper, cilantro"
"mint tahini","the flavor equation",178,"mediterranean","dressing","tahini, lemon, garlic, dried mint, cayenne pepper"
"crispy carrots with garlic and mint tahini","the flavor equation",178,"mediterranean","side","tahini, lemon, garlic, dried mint, cayenne pepper, egg, black pepper, bread crumbs, olive oil, carrot, amchur powder, kala namak"
"scallion mint salsa","the flavor equation",163,"indian","sauce","jalapeno or , olive oil, lemon, mint, scallions, garlic, black pepper"
"lamb chops with scallion mint salsa","the flavor equation",163,"indian","main","jalapeno or , lamb loin chops or chicken thigh or chicken breast, lemon, olive oil, amchur powder, chili powder, fennel seed, kala namak, mint, scallions, garlic"
"beef chilli fry with pancetta","the flavor equation",160,"indian","meal","jalapeno or , pancetta, yukon gold potato, olive oil, onion, garlic, ginger, ground cloves, black pepper, cinnamon, turmeric, flank steak, apple cider vinegar, cilantro"
"grilled spiced chicken salad with amchur","the flavor equation",154,"indian","appetizer","chicken breast or chicken thigh, olive oil, red wine vinegar, coriander, cumin, chili powder, butter lettuce, shallot, lime, black pepper, amchur powder"
"couscous with sesame roasted carrots and feta","the flavor equation",154,"mediterranean","side","cilantro or parsley, carrot, garlic, olive oil, sesame seeds, aleppo pepper, black pepper, chicken stock, bay leaf, couscous, feta, mint"
"Green olives and chourico stuffing","the flavor equation",149,"western","main","saffron or parsley or , crusty bread, butter, linguica, leek, onion, garlic, granny smith apple, dried cherries, walnuts, apple cider vinegar, castlevetrano olives, chicken stock, egg, cilantro"
"mango lime dressing","the flavor equation",147,"indian","dressing","mango, buttermilk, canola oil, lime, dijon mustard, black pepper, chili powder"
"paneer and beet salad with mango lime dressing","the flavor equation",147,"indian","salad","buttermilk or yogurt, paneer, cumin, turmeric, chili powder, beets, olive oil, mango, canola oil, lime, dijon mustard, arugula, amchur powder"
"shaved brussels sprouts salad","the flavor equation",112,"western","side","mint or , aleppo pepper or red pepper flakes, shallot, olive oil, brussels sprouts, walnuts, scallions, garlic, creme fraiche, lemon, black pepper"
"warm kale,white bean mushroom salad with chilli tahini","the flavor equation",111,"middle eastern","salad","olive oil, shallot, mushrooms, kale, canned cannelini beans, tahini, chili-garlic sauce, rice vinegar"
"roasted butternut squash and pomegranate molasses soup","the flavor equation",84,"western","soup","butternut squash, white onion, garlic, olive oil, black pepper, aleppo pepper, turmeric, worcestershire sauce, pomegranate molasses, almonds"
"roasted cauliflower in turmeric kefir","the flavor equation",83,"indian","side","cilantro or parsley, cauliflower, garam masala, canola oil, red onion, turmeric, red pepper flakes, chickpea flour, buttermilk, cumin seed, black mustard seed"
"herb and paneer pulao","the flavor equation",80,"indian","main","serrano pepper or , cilantro or parsley, basmati rice, canola oil, cloves, cardamon, cinnamon, black pepper, onion, ginger, garlic, paneer, dill, lime"
"potato and roasted corn herbed raita","the flavor equation",78,"middle eastern","sauce","serrano pepper or jalapeno or , yukon gold potato, canola oil, corn on the cob, mint, greek yogurt, cilantro, lime, chili powder"
"green beans with preserved lemons and creme fraiche","the flavor equation",76,"western","side","poppy seeds, shallot, olive oil, green beans, preserved lemon, creme fraiche, garlic, black pepper"
"date and tamarind dressing","the flavor equation",74,"middle eastern","dressing","date syrup, tamarind paste, lime, ground ginger"
"chickpea salad with date and tamarind dressing","the flavor equation",74,"middle eastern","salad","mint or , date syrup, tamarind paste, lime, ground ginger, canned chickpeas, cucumber, shallot, dill, olive oil, aleppo pepper, amchur powder"
"greek nachos","Noggin",NA,"mediterranean","meal","harissa or zaatar or greek yogurt or dill or lemon or kalamata olives or , pita bread or pita chips, hummus, cucumber, red onion, feta"
"garlic yogurt dressing","the flavor equation",73,"mediterranean","dressing","greek yogurt, creme fraiche, pomegranate molasses, lime, garlic, turmeric"
"grilled hearts of romaine with chilli pumpkin seeds","the flavor equation",73,"mediterranean","salad","parmesan or , pepitas, olive oil, paprika, aleppo pepper, greek yogurt, creme fraiche, pomegranate molasses, lime, garlic, turmeric, romaine lettuce"
"rogan josh","Anylist",NA,"indian","main","lamb or chicken breast or chicken thigh or chuck roast, red onion, garlic, ginger, greek yogurt, tomato paste, cilantro, garam masala, smoked paprika, turmeric, cinnamon, cayenne pepper"
"keema biryani","Anylist",NA,"indian","meal","jalapeno or serrano pepper or , ground beef or ground lamb or ground turkey, basmati rice, canola oil, cardamon, cloves, bay leaf, cinnamon stick, cumin seed, onion, garlic, ginger, coriander, paprika, garam masala, turmeric, cayenne pepper, diced tomatoes, cilantro, mint"
"better pressure cooker butter chicken","Anylist",NA,"indian","main","chicken thigh or chicken breast, fenugreek seeds, greek yogurt, garam masala, ginger, cardamon, cloves, cashews, canned whole tomatoes, canola oil, onion, baking soda, garlic, heavy cream, butter, rice"
"chicken piccata","Anylist",NA,"western","main","flour, egg, panko, parmesan, chicken breast, vegetable oil, white wine, capers, lemon, parsley"
"the best squash lasagna","Anylist",NA,"western","meal","kabocha squash or pumpkin, olive oil, egg, cream cheese, butter, maple syrup, cinnamon, nutmeg, apple, sage, lasagna noodles, garlic, flour, whole milk, gruyere"
"pressure cooker chicken korma","Anylist",NA,"indian","meal","heavy cream, saffron, bone in chicken thigh, olive oil, golden raisins, almonds, cardamon, cinnamon stick, onion, ginger, garlic, coriander, cumin, yogurt, chile powder, garam masala"
"sheet pan moroccan chicken with sweet potatoes and cauliflower","Anylist",NA,"mediterranean","meal","chicken thigh or chicken breast, dried cranberries or dried cherries, sweet potato, cauliflower, onion, carrot, olive oil, cumin, turmeric, cinnamon, garlic powder, cayenne pepper, cilantro, pistachios, garlic, greek yogurt, feta, lemon"
"baked tofu with peanut sauce","Anylist",NA,"asian","meal","arugula or , honey, vegetable oil, lime, bell pepper, rice, miso, ginger, tofu, scallions"
"crispy sour cream and onion chicken","Anylist",NA,"western","main","sour cream or greek yogurt, chicken breast, chives or dried chives, onion powder, panko, canola oil, lemon"
"ginger lime chicken","Anylist",NA,"western","main","chicken thigh or chicken breast, mayonnaise, lime, ginger"
"strawberry rhubarb compote","Essential Instant Pot",146,"western","dessert","rhubarb, strawberries, sugar, cardamon"
"IP new york cheesecake","Essential Instant Pot",144,"western","dessert","graham cracker, brown sugar, butter, cream cheese, heavy cream, sugar, flour, vanilla extract, egg, sour cream, powdered sugar"
"blueberry bread pudding","Essential Instant Pot",140,"western","dessert","egg, milk, vanilla extract, sugar, cinnamon, lemon, crusty bread, blueberries"
"carrot cake with cream cheese frosting","Essential Instant Pot",134,"western","dessert","butter, cream cheese, vanilla extract, powdered sugar, flour, brown sugar, cinnamon, nutmeg, ground cloves, baking powder, baking soda, carrot, egg"
"lemon honey poached pears with whipped greek yogurt","Essential Instant Pot",132,"western","dessert","honey, cinnamon stick, lemon, pear, greek yogurt, cinnamon"
"IP cornbread","Essential Instant Pot",128,"western","side","buttermilk or milk, cornmeal, flour, baking powder, egg, sugar, butter"
"spicy garlic edamame","Essential Instant Pot",128,"asian","side","edamame, soy sauce, honey, rice wine vinegar, red pepper flakes, cornstarch, canola oil, sesame oil, garlic"
"IP mac and cheese","Essential Instant Pot",126,"western","main","elbow macaroni, chicken stock, butter, cheddar, parmesan, sour cream, cayenne pepper"
"kale with apple and onion","Essential Instant Pot",124,"western","side","kale, red onion, granny smith apple, chicken stock, canola oil"
"chard with raisins and pine nuts","Essential Instant Pot",123,"western","side","olive oil, garlic, red pepper flakes, onion, chard, raisins, chicken stock, pine nuts"
"smoky collard greens and carrots","Essential Instant Pot",121,"western","side","Frank's hot sauce or , collard greens or kale, tomato paste, chicken stock, smoked paprika, olive oil, onion, garlic, carrot"
"sweet and sour red cabbage","Essential Instant Pot",120,"western","side","butter, red cabbage, granny smith apple, chicken stock, honey, apple cider vinegar"
"cauliflower mashed potatoes","Essential Instant Pot",118,"western","side","cauliflower, russet potato, butter"
"maple mashed sweet potatoes","Essential Instant Pot",117,"western","side","sweet potato, maple syrup, butter, cinnamon"
"IP sloppy joes","Essential Instant Pot",90,"western","main","canola oil, ground beef, onion, carrot, celery, bell pepper, garlic, tomato sauce, tomato paste, apple cider vinegar, worcestershire sauce, brown sugar, nutmeg, hamburger buns, pickle"
"ropa vieja","Essential Instant Pot",90,"latin","main","rice or sweet potato or crusty bread or , chuck roast, canola oil, bay leaf, chicken stock, garlic, onion, pasilla chile, bell pepper, tomato paste, cumin"
"cajun chicken and sausage jambalaya","Essential Instant Pot",66,"cajun","meal","chicken thigh or chicken breast, canola oil, andoullie sausage, onion, garlic, rice, bay leaf, dried oregano, white pepper, cayenne pepper, chicken stock, worcestershire sauce"
"arroz con pollo","Essential Instant Pot",64,"latin","meal","cilantro or , chicken breast or chicken thigh, sofrito, olive oil, pimento olives, capers, rice, chicken stock, tomato sauce"
"sofrito","Essential Instant Pot",64,"latin","ingredient","onion, red bell pepper, garlic, cilantro, pimento olives, capers, dried oregano, olive oil"
"chicken and dumplings","Essential Instant Pot",55,"western","meal","chicken breast, chicken stock, frozen peas, butter, carrot, celery, onion, flour, bread crumbs, baking powder, egg, milk, shallot, parsley"
"red lentil soup with sumac","Essential Instant Pot",53,"western","soup","sumac, olive oil, carrot, celery, onion, chicken stock, bay leaf, lemon"
"leek and potato soup","Essential Instant Pot",51,"western","soup","leek, butter, garlic, russet potato, chicken stock, bay leaf, lemon"
"barley with mushrooms and sage","Essential Instant Pot",44,"western","meal","lemon or rice vinegar, olive oil, garlic, mushrooms, sage, barley, chicken stock, soy sauce"
"jamaican-style rice and beans","Essential Instant Pot",41,"latin","side","rice, kidney beans, coconut milk, garlic, scallions, dried thyme"
"hummus","Essential Instant Pot",33,"mediterranean","ingredient","parsley or paprika or olive oil or , chickpeas, tahini, lemon, garlic, cumin"
"borracho beans","Essential Instant Pot",31,"latin","side","jalapeno or , bacon, onion, garlic, chicken stock, lager, salsa verde, pinto beans, cilantro"
"quinoa porridge with pepitas and honey","Essential Instant Pot",23,"western","breakfast","quinoa, coconut milk, pepitas, honey"
"sausage and green onion strata","Essential Instant Pot",19,"western","breakfast","parsley or , egg, chicken stock, scallions, crusty bread, sausage"
"lemon poppy seed breakfast cake","Essential Instant Pot",17,"western","breakfast","poppy seeds, egg, greek yogurt, sugar, lemon, butter, flour, baking powder, powdered sugar"
"zucchini corn fritters","Anylist",NA,"western","main","zucchini, butter, onion, garlic, corn, flour, buttermilk, egg, vegetable oil"
"sheet pan crisp tofu and sweet potatoes","Anylist",NA,"asian","appetizer","tamari or soy sauce, tofu, canola oil, honey, rice vinegar, cornstarch, sweet potato, scallions, sugar, cilantro"
"kimchi pancake","Anylist",NA,"asian","appetizer","ponzu sauce or , sesame seeds, scallions, potato flour, flour, garlic powder, baking powder, kimchi, gochujang, sugar, fish sauce, canola oil"
"roasted butternut squash with lentils and feta","Anylist",NA,"mediterranean","meal","lentils, cinnamon stick, garlic, butternut squash, olive oil, feta, scallions, pepitas, pomegranate molasses, honey, cumin, cayenne pepper, black pepper"
"greek american lamb gyros","Anylist",NA,"mediterranean","main","harissa or , oregano or dried oregano, ground lamb, onion, garlic, bacon, yogurt, mayonnaise, lemon, parsley, pita bread, cucumber"
"chicken koftas with lime couscous","Anylist",NA,"mediterranean","meal","ground chicken or ground turkey, chicken stock, lime, olive oil, red pepper flakes, couscous, parsley, shallot, egg, dried cranberries, garlic, ginger"
"mojo meatballs","Anylist",NA,"latin","appetizer","jalapeno or , ground beef or ground pork, cilantro, egg, panko, cumin, olive oil, sugar, garlic, red onion, orange, lime"
"salt and pepper cauliflower","Anylist",NA,"asian","side","jalapeno or cilantro or , vegetable oil, cauliflower, shallot, tofu, miso, garlic, lemon"
"blueberry lemon scones","Anylist",NA,"western","breakfast","blueberries, flour, baking powder, sugar, coconut oil, lemon, coconut milk"
"chicken zucchini meatballs with feta","Anylist",NA,"mediterranean","main","ground chicken or ground turkey, mint or basil or parsley or dill, zucchini, shallot, panko, cumin, red pepper flakes, lemon, feta"
"balsamic strawberry baked goat cheese dip","Anylist",NA,"western","appetizer","strawberries, baguette, olive oil, goat cheese, cream cheese, honey, balsamic vinegar, sugar, basil"
"zucchini salad with parmesan, basil and almonds","Anylist",NA,"western","salad","zucchini or summer squash, olive oil, shallot, capers, lemon, garlic, parmesan, basil, parsley, almonds"
"chilled corn soup with basil","Anylist",NA,"western","soup","radish or , corn, buttermilk, basil, scallions, lime, garlic, olive oil"
"lemon garlic kale salad","Anylist",NA,"western","salad","almonds, lemon, olive oil, garlic, kale, parmesan"
"chicken adobo","Anylist",NA,"asian","main","thai chili or red pepper flakes, coconut milk, soy sauce, rice vinegar, garlic, chicken thigh"
"north african meatballs","Anylist",NA,"mediterranean","appetizer","couscous or butter or golden raisins or , crusty bread or sandwich bread, ground beef or ground lamb, olive oil, onion, garlic, tomato paste, cinnamon, saffron, chicken stock, milk, egg, nutmeg, ginger, turmeric, paprika, cayenne pepper, ground cloves, coriander, cumin, parsley, cilantro, scallions, flour"
"crispy braised chicken with cabbage and bacon","Anylist",NA,"western","meal","bone in chicken thigh or chicken breast, bacon, cabbage, onion, dijon mustard, apple cider vinegar, chicken stock, sugar, bay leaf, thyme, butter"
"oven roasted chicken shawarma","Anylist",NA,"middle eastern","main","red pepper flakes or , chicken thigh or chicken breast, lemon, olive oil, garlic, black pepper, cumin, paprika, turmeric, cinnamon, red onion, parsley"
"grilled marinated tofu","Anylist",NA,"asian","main","sesame oil, soy sauce, mirin, ginger, tofu, canola oil"
"puff pastry","Noggin",NA,"ingredient","ingredient","flour, butter"
"summer squash and parmesan tart","Salt, Fat, Acid, Heat",399,"western","main","summer squash, parmesan, pine nuts, puff pastry"
"rhubarb and frangipane tart","Salt, Fat, Acid, Heat",399,"western","dessert","rhubarb, frangipane, puff pastry"
"plum and frangipane tart","Salt, Fat, Acid, Heat",399,"western","dessert","puff pastry, frangipane, plums"
"caramelized onion tart","Salt, Fat, Acid, Heat",399,"western","main","pie dough or puff pastry, parmesan, onion"
"apple and frangipane tart","Salt, Fat, Acid, Heat",397,"western","dessert","pie dough or puff pastry, flour, apple, heavy cream, sugar, frangipane"
"frangipane","Salt, Fat, Acid, Heat",397,"western","ingredient","almonds, sugar, almond paste, butter, egg, vanilla extract, almond extract"
"aaron's tart dough","Salt, Fat, Acid, Heat",395,"western","ingredient","creme fraiche or heavy cream, flour, sugar, baking powder, butter"
"light and flaky buttermilk biscuits","Salt, Fat, Acid, Heat",392,"western","breakfast","buttermilk, butter, flour, baking powder, heavy cream"
"pie dough","Salt, Fat, Acid, Heat",386,"western","ingredient","flour, sugar, butter, white vinegar"
"persian beet yogurt","Salt, Fat, Acid, Heat",373,"middle eastern","sauce","tarragon or nigella seeds or , beets, yogurt, mint, olive oil, red wine vinegar"
"persian spinach yogurt","Salt, Fat, Acid, Heat",372,"middle eastern","sauce","olive oil, spinach, cilantro, garlic, yogurt, lemon"
"persian herb and cucumber yogurt","Salt, Fat, Acid, Heat",371,"middle eastern","sauce","mint or dill or parsley or cilantro or , raisins or golden raisins, yogurt, cucumber, garlic, walnuts, olive oil"
"indian carrot raita","Salt, Fat, Acid, Heat",370,"indian","sauce","ghee or canola oil, yogurt, garlic, parsley, mint, cilantro, carrot, ginger, cumin seed, black mustard seed, coriander"
"herbed yogurt","Salt, Fat, Acid, Heat",370,"middle eastern","sauce","yogurt, garlic, parsley, cilantro, mint, olive oil"
"argentinian chimichurri","Salt, Fat, Acid, Heat",369,"latin","sauce","oregano or dried oregano, parsley, garlic, olive oil, lemon, red pepper flakes, red wine vinegar"
"sicilian oregano sauce","Salt, Fat, Acid, Heat",369,"mediterranean","sauce","oregano or dried oregano, garlic, parsley, olive oil, lemon"
"indian coconut cilantro chutney","Salt, Fat, Acid, Heat",368,"indian","sauce","coconut or frozen grated coconut or unsweetened coconut chips, cumin seed, lime, cilantro, mint, garlic, jalapeno, sugar"
"north african charmoula","Salt, Fat, Acid, Heat",367,"mediterranean","sauce","mayonnaise or , cumin seed, olive oil, cilantro, garlic, ginger, jalapeno, lime"
"meyer lemon salsa","Salt, Fat, Acid, Heat",366,"western","sauce","meyer lemon or preserved lemon, shallot, white wine vinegar, parsley, olive oil"
"japanese-ish herb salsa","Salt, Fat, Acid, Heat",365,"asian","sauce","parsley, cilantro, scallions, ginger, canola oil, soy sauce, rice wine vinegar"
"southeast asian-ish herb salsa","Salt, Fat, Acid, Heat",364,"asian","sauce","shallot, lime, cilantro, jalapeno, scallions, ginger, canola oil"
"mexican-ish herb salsa","Salt, Fat, Acid, Heat",363,"latin","sauce","pomegranate or pepitas or cucumber or jicama or mango or avocado or , shallot, lime, cilantro, jalapeno, scallions, canola oil"
"classic french herb salsa","Salt, Fat, Acid, Heat",362,"western","sauce","lemon or , shallot, white wine vinegar, parsley, chervil, chives, basil, tarragon, olive oil"
"basic salsa verde","Salt, Fat, Acid, Heat",360,"western","sauce","bread crumbs or almonds or red pepper flakes or lemon or garlic or , shallot, red wine vinegar, parsley, olive oil"
"chicken with vinegar","Salt, Fat, Acid, Heat",336,"western","main","heavy cream or creme fraiche, whole chicken, flour, olive oil, butter, onion, white wine, white wine vinegar, tarragon"
"sage and honey smoked chicken","Salt, Fat, Acid, Heat",330,"western","main","whole chicken, honey, sage, garlic, black pepper"
"finger lickin' pan fried chicken","Salt, Fat, Acid, Heat",328,"western","main","bread crumbs or panko, chicken breast, parmesan, flour, cayenne pepper, egg, butter"
"spicy (or not) fried chicken","Salt, Fat, Acid, Heat",320,"western","main","hot sauce or , whole chicken or chicken thigh or chicken breast, egg, buttermilk, flour, canola oil, cayenne pepper, dark brown sugar, smoked paprika, cumin, garlic"
"tuna confit","Salt, Fat, Acid, Heat",314,"western","main","red pepper flakes or , canned tuna, olive oil, garlic, bay leaf, lemon, black pepper"
"chicken pot pie samin","Salt, Fat, Acid, Heat",322,"western","meal","white wine or sherry, puff pastry or pie dough, whole chicken, olive oil, butter, onion, carrot, celery, mushrooms, bay leaf, thyme, heavy cream, chicken stock, peas, parsley, flour, egg"
"beer battered fish","Salt, Fat, Acid, Heat",312,"western","main","rice flour or tartar sauce or , flour, baking powder, cayenne pepper, cod, canola oil, vodka, lager"
"pasta al ragu","Salt, Fat, Acid, Heat",297,"mediterranean","main","parmesan rind or , olive oil, ground beef, ground pork, onion, carrot, celery, red wine, whole milk, bay leaf, lemon, orange, cinnamon, tomato paste, nutmeg, pasta, butter, parmesan"
"fava bean and dill rice","Salt, Fat, Acid, Heat",287,"middle eastern","side","basmati rice, dill, fava beans, yogurt, butter, canola oil"
"persian-ish rice","Salt, Fat, Acid, Heat",284,"middle eastern","side","basmati rice, yogurt, butter, parsley or cilantro or dill or , canola oil"
"silky sweet corn soup","Salt, Fat, Acid, Heat",276,"western","soup","corn on the cob, butter, onion"
"snap peas wit chiles and mint","Salt, Fat, Acid, Heat",260,"western","side","snap peas, olive oil, mint, lemon, red pepper flakes"
"garlicky green beans","Salt, Fat, Acid, Heat",261,"western","side","green beans, olive oil, garlic"
"peanut lime dressing","Salt, Fat, Acid, Heat",253,"asian","dressing","cilantro or , lime, fish sauce, rice wine vinegar, soy sauce, ginger, peanut butter, jalapeno, canola oil, garlic"
"Japanese sesame seed dressing","Salt, Fat, Acid, Heat",251,"asian","dressing","soy sauce, sesame oil, mirin, garlic, tahini"
"tahini dressing","Salt, Fat, Acid, Heat",251,"middle eastern","dressing","cumin seed, tahini, lemon, olive oil, garlic, cayenne pepper"
"green goddess dressing","Salt, Fat, Acid, Heat",250,"western","dressing","chervil or , anchovies, avocado, garlic, red wine vinegar, lemon, parsley, cilantro, chives, tarragon, mayonnaise"
"blue cheese dressing","Salt, Fat, Acid, Heat",249,"western","dressing","creme fraiche or sour cream or heavy cream, blue cheese, red wine vinegar, garlic"
"ceramy herb dressing","Salt, Fat, Acid, Heat",248,"western","dressing","creme fraiche or sour cream or heavy cream or yogurt, parsley or cilantro or dill or chives or basil or tarragon, shallot, red wine vinegar, olive oil, scallions, sugar"
"creamy caesar dressing","Salt, Fat, Acid, Heat",247,"western","dressing","anchovies, mayonnaise, garlic, lemon, white wine vinegar, parmesan, worcestershire sauce"
"orange vinaigrette","Salt, Fat, Acid, Heat",244,"western","dressing","orange, shallot, white wine vinegar, olive oil"
"lime vinaigrette","Salt, Fat, Acid, Heat",243,"western","dressing","jalapeno or , lime, olive oil, garlic"
"brown butter vinaigrette","Anylist",241,"western","dressing","butter, balsamic vinegar, shallot, red wine vinegar"
"parmesean vinaigrette","Salt, Fat, Acid, Heat",241,"western","dressing","balsamic vinegar, red wine vinegar, olive oil, shallot, parmesan"
"balsamic vinaigrette","Salt, Fat, Acid, Heat",241,"western","dressing","shallot, balsamic vinegar, red wine vinegar, mild red wine olive oil vinaigrette"
"pasta with broccoli rabe and chorizo bread crumbs","nothing fancy",253,"western","meal","chorizo or sweet italian sausage, broccoli rabe or kale, panko or crusty bread, olive oil, pasta, garlic, tomato paste, parmesan"
"buttered slamon with red onion and dill","nothing fancy",247,"western","main","sesame seeds or , lemon, salmon, butter, olive oil, red onion, capers, dill"
"swordfish with crushed olives and oregano","nothing fancy",243,"","main","lemon or white wine vinegar, castlevetrano olives, oregano, olive oil, swordfish, garlic, parsley"
"citrus chicken rested in herbs","nothing fancy",214,"","main","rosemary or thyme or oregano or , lemon or lime, orange, soy sauce, canola oil, jalapeno, garlic, whole chicken, cilantro, parsley"
"kimchi braised pork with sesame","nothing fancy",212,"asian","main","watercress or , radish or granny smith apple or , pork shoulder or baby back ribs, vegetable oil, garlic, ginger, gochujang, kimchi, scallions"
"one pot chicken with dates and caramelized lemon","nothing fancy",194,"","main","thyme or oregano, whole chicken, olive oil, lemon, shallot, dates, red pepper flakes"
"butchers steak with dried chiles and salted peanuts","nothing fancy",182,"latin","main","watercress or avocado or , hazelnuts or dry roasted peanuts, apple cider vinegar or white vinegar, short ribs or flank steak or hanger steak or strip steak, canola oil, dried new mexico chile, guajillo chile, garlic, onion, lime, cilantro, corn tortillas"
"buttered turmeric rice with crushed almonds and herbs","nothing fancy",173,"western","side","mint or dill or , white rice, butter, almonds, turmeric, shallot, cilantro"
"frizzled chickpeas and onions with feta and oregano","nothing fancy",168,"middle eastern","side","olive oil, onion, canned chickpeas, garlic, red pepper flakes, oregano, feta"
"black lentiles with crispy garlic and labne","nothing fancy",167,"middle eastern","side","cilantro or parsley, greek yogurt or sour cream, black lentils, olive oil, garlic, shallot, lemon"
"farro with toasted fennel, lemon and basil","nothing fancy",164,"western","side","red pepper flakes or , farro or barley or couscous or wheat berries, olive oil, fennel seed, fennel bulb, lemon, basil"
"garlicky broccoli and greens with hazelnut and coriander","nothing fancy",160,"western","side","garlic, hazelnuts, olive oil, broccoli, kale, lemon"
"long roasted eggplant with garlic and croutons","nothing fancy",158,"western","side","greek yogurt or sour cream, mint or cilantro, eggplant, olive oil, garlic, red pepper flakes, crusty bread, preserved lemon, lemon"
"beets with buttermilk and walnuts","nothing fancy",155,"western","side","red wine vinegar or white wine vinegar, sour cream or greek yogurt, walnuts or pecans or hazelnuts, beets, red onion, lemon, sumac, buttermilk, cumin seed, olive oil"
"creamy cauliflower and onion gratin","nothing fancy",151,"western","side","red pepper flakes or panko or , gruyere or white cheddar, heavy cream, butter, garlic, cauliflower, onion, sesame seeds"
"hard roasted spiced cauliflower","nothing fancy",150,"western","side","feta or , chives or mint or parsley or cilantro, cauliflower, garlic, red pepper flakes, fennel seed, coriander, turmeric, olive oil"
"roasted squash with yogurt and spiced butter pistachios","nothing fancy",148,"western","side","acorn squash or kabocha squash or butternut squash, olive oil, butter, pistachios, cumin, turmeric, cinnamon, red pepper flakes, greek yogurt, lemon"
"spicy caramelized leeks with fresh lemon","nothing fancy",140,"western","side","leek, olive oil, harissa, lemon"
"sticky roasted carrots with citrus and tahini","nothing fancy",132,"western","side","lemon or lime, blood orange or orange or tangerine, red onion, carrot, red pepper flakes, maple syrup, olive oil, tahini"
"roasted radishes with green goddess butter","nothing fancy",124,"western","side","radish or baby turnips, butter, parsley, tarragon, chives, anchovies, garlic, white wine vinegar, lemon"
"grilled carrots with limey hot sauce and cotija","nothing fancy",123,"latin","side","carrot, olive oil, lime, jalapeno, garlic, honey, cilantro, cotija"
"charred corn and scallions with tomatillo","nothing fancy",113,"latin","salad","scallions, corn on the cob, canola oil, lime, tomatillo, cilantro, avocado, olive oil"
"summer squash with basil, parmesan and toasted pepitas","nothing fancy",108,"western","salad","zucchini or summer squash, pepitas, lemon, fish sauce, parmesan, olive oil, chives, basil, parsley"
"smashed cucumbers with sizzled turmeric and garlic","nothing fancy",107,"western","salad","persian cucumber or cucumber, white wine vinegar or rice wine vinegar, dill or mint or cilantro, olive oil, garlic, turmeric, scallions"
"crushed peas with burrata and olives","nothing fancy",104,"western","salad","burrata or mozzerella, castlevetrano olives, olive oil, peas, lemon, arugula, mint, chives, parsley"
"vinegared apples with white cheddar","nothing fancy",103,"western","salad","horseradish or , persimmon or asian pear, apple cider vinegar or white wine vinegar, white cheddar or gouda, apple, honey, olive oil"
"spicy red cabbage with sweet onion and lime","nothing fancy",99,"western","salad","jalapeno or , red onion or sweet onion, lime, honey, red pepper flakes, sumac, red cabbage, olive oil"
"citrusy cucumbers with red onion and toasted sesame","nothing fancy",96,"western","salad","sumac or , lemon or lime, cucumber or persian cucumber, red onion, tahini, sesame oil, cilantro, sesame seeds, olive oil"
"salted citrus salad with fennel, radish and olive","nothing fancy",92,"western","salad","tangerine or orange or blood orange, lemon or lime, castlevetrano olives, olive oil, radish, fennel bulb, honey"
"iceberg with pecorino, crushed olives and pickled chile","nothing fancy",91,"western","salad","jalapeno or , onion, white vinegar, honey, castlevetrano olives, oregano, iceberg lettuce, parsley, olive oil, parmesan"
"slightly sticky walnuts with sesame and sumac","nothing fancy",76,"western","appetizer","walnuts, maple syrup, tahini, sesame seeds, olive oil, red pepper flakes, sumac"
"a better garlic bread","nothing fancy",73,"western","side","red pepper flakes or parsley or , garlic, olive oil, anchovies, butter, baguette"
"overnight focaccia tonight","nothing fancy",70,"western","side","bread flour or flour, instant yeast, honey, olive oil, red onion"
"seeded breadsticks with parmesan","nothing fancy",66,"western","appetizer","flour, active dry yeast, sesame seeds, poppy seeds, parmesan, olive oil"
"tangy roasted mushrooms","nothing fancy",60,"western","side","parsley or chives or cilantro or , white onion or shallot, eggplant or mushrooms, olive oil, white wine vinegar"
"creamy goat cheese with lemony zaatar","nothing fancy",53,"mediterranean","appetizer","crackers or crusty bread, sesame seeds, olive oil, lemon, thyme, goat cheese"
"crispy haloumi with honey and pistachio","nothing fancy",49,"western","appetizer","halloumi, honey, pistachios"
"creamy sesame turmeric dip","nothing fancy",26,"western","sauce","cream cheese, sour cream, tahini, olive oil, sesame seeds, turmeric"
"garlicky beet dip with walnuts","nothing fancy",25,"western","sauce","sour cream or greek yogurt or , beets or carrot or sweet potato, walnuts or hazelnuts or almonds, garlic, red wine vinegar, dill, olive oil"
"labne with sizzled scallions and chile (almost ranch)","nothing fancy",22,"western","sauce","chives or , greek yogurt or sour cream, olive oil, scallions, red pepper flakes, cilantro, lemon"
"braised pork shoulder with fried shallots and pickled vegetables","Appetites",208,"western","meal","red miso or white miso, pork shoulder, peanut oil, onion, garlic, ginger, rice vinegar, soy sauce, coke, red onion, cucumber, white vinegar, sugar, shallot, rice"
"mixed fruit chutney","Appetites",274,"western","sauce","lime or , dried figs, dried apricots, raisins, granny smith apple, pineapple, lemon, cayenne pepper"
"dark universal stock","Appetites",261,"western","prep","canola oil, chicken bones, tomato paste, flour, onion, carrot, celery, thyme, bay leaf, black peppercorns"
"blue cheese vinaigrette","Appetites",273,"western","dressing","blue cheese, mayonnaise, canola oil, red wine vinegar, lemon"
"buttermilk biscuits","Appetites",254,"western","ingredient","butter, flour, sugar, baking soda, baking powder, buttermilk"
"succotash","Appetites",253,"western","side","tomato or , butter, onion, red bell pepper, garlic, lima beans, chicken stock, oregano, thyme, parsley, corn"
"korean style radish pickles","Appetites",251,"asian","side","white vinegar, sugar, daikon"
"fried polenta crescents","Appetites",248,"western","side","corn grits, chicken stock, butter, parmesan, olive oil"
"roasted baby beets with red onion and oranges","Appetites",247,"western","side","mint or , beets, canola oil, red onion, orange, apple cider vinegar"
"roasted cauliflower with sesame","Appetites",241,"western","side","cauliflower, olive oil, coriander, dried oregano, tahini, white miso, red wine vinegar, sesame seeds"
"ratatouille","Appetites",236,"western","side","olive oil, red onion, garlic, tomato paste, thyme, zucchini, summer squash, red bell pepper, eggplant, balsamic vinegar, basil"
"new mexico style beef chili","Appetites",230,"western","stew","jalapeno or tortilla chips or , tomato paste or harissa, poblano pepper, new mexico chile, flour, chuck roast, canola oil, onion, garlic, cumin, coriander, mexican oregano, lager, chicken stock, cilantro, sour cream"
"Meat loaf with mushroom gravy","Appetites",220,"western","main","canola oil, onion, celery, marjoram, thyme, ground beef, ground veal, egg, panko, tomato paste, butter, cremini mushrooms, shallot, chicken stock, heavy cream"
"sausage gravy and biscuits","Appetites",215,"western","breakfast","Frank's hot sauce or , buttermilk biscuits, butter, heavy cream, whole milk, breakfast sausage"
"brussels sprouts with bacon","Appetites",201,"western","side","bacon, brussels sprouts, butter, lemon"
"cast iron grilled chicken","Appetites",167,"western","main","Frank's hot sauce or , greek yogurt, olive oil, cumin, cardamon, dried oregano, chicken thigh, canola oil"
"savory pastry dough","Appetites",163,"western","ingredient","flour, butter"
"Chicken Pot Pie Bourdain","Appetites",160,"western","meal","pearl onions or , bone in chicken thigh or chicken thigh, chicken stock, russet potato, butter, onion, carrot, celery, thyme, sage, celery salt, flour, whole milk, frozen peas, savory pastry dough, egg"
"fresh pasta dough","Appetites",143,"western","ingredient","flour, egg, olive oil"
"chicken satay with fake ass spicy peanut sauce","Appetites",109,"asian","main","lemongrass or , lemon or lime, vegetable oil, fish sauce, soy sauce, shallot, garlic, brown sugar, coriander, turmeric, chicken breast, chunky peanut butter, coconut milk, sriracha"
"meatball parm hero","Appetites",71,"western","main","olive oil, onion, garlic, oregano, parsley, ground beef, ground veal, ground pork, panko, egg, white wine, red pasta sauce, hoagie rolls, mozzerella, parmesan"
"sausage and pepper hero","Appetites",69,"western","main","sweet italian sausage, olive oil, onion, hoagie rolls, bell pepper"
"white gazpacho","Appetites",63,"western","soup","grapes or capers or , crusty bread, almonds, garam masala, olive oil, sherry vinegar"
"shrimp bisque","Appetites",60,"western","soup","shellfish stock or chicken stock, shrimp, olive oil, shallot, scallions, garlic, tomato paste, sherry, fish sauce, butter, flour, heavy cream, lemon"
"Kuching style laksa","Appetites",55,"asian","soup","chicken breast or bone in chicken breast, chicken stock, laksa paste, shrimp, egg, soy sauce, vegetable oil, rice vermicelli, coconut milk, bean sprouts, cilantro, lime"
"AB black bean soup","Appetites",47,"latin","soup","cilantro or lime or scallions or sour cream or tortillas or , lard or olive oil, black beans, spanish chorizo, red wine, red onion, celery, red bell pepper, garlic, cumin, dried oregano, smoked paprika, red wine vinegar, chicken stock"
"Portugese Kale Soup","Appetites",44,"mediterranean","soup","ham hock or , kidney beans, chicken stock, linguica, kale, yukon gold potato, sherry vinegar, red pepper flakes"
"halal cart chicken and rice","Anylist",NA,"middle eastern","meal","chicken thigh, lemon, oregano, olive oil, coriander, garlic, butter, white rice, shredded lettuce, harissa, greek yogurt, mayonnaise, parsley, chicken stock, sugar, white vinegar"
"punjabi black lentils","Anylist",NA,"indian","meal","butter, onion, garlic, ginger, cumin seed, coriander, turmeric, garam masala, chili powder, tomato sauce, black lentils, heavy cream, cilantro"
"cuban picadillo","Anylist",NA,"latin","meal","olive oil, onion, red bell pepper, tomato paste, garlic, cumin, dried oregano, bay leaf, white wine, ground beef, diced tomatoes, yukon gold potato, worcestershire sauce, raisins, pimento olives, capers"
"black bean burger","Anylist",NA,"western","prep","black beans, vegetable oil, poblano pepper, onion, chipotle, cashews, feta or cotija, mayonnaise, panko, egg, garlic"
"butternut squash and farro bowls","Anylist",NA,"western","meal","farro, olive oil, butternut squash, pickled onion, pepitas, feta, pomegranate"
"paella with shrip and fava beans","Anylist",NA,"mediterranean","meal","shrimp, onion, garlic, bay leaf, thyme, olive oil, smoked paprika, spanish chorizo, white rice, chicken stock, fava beans or lima beans"
"pressure cooker corn risotto","Anylist",NA,"western","main","arborio rice, chicken stock, corn, butter, shallot, garlic, white wine, bay leaf, thyme, heavy cream, parmesan, turmeric"
"crispy baked pasta with mushrooms, sausage and parmesan cream sauce","Anylist",NA,"western","meal","panko, parmesan, parsley, chives, shallot, garlic, olive oil, butter, chicken apple sausage or sweet italian sausage or , mushrooms, soy sauce, lemon, flour, chicken stock, heavy cream, pasta"
"kenji's meatloaf","Anylist",NA,"western","main","chicken stock, buttermilk, gelatin, sandwich bread, mushrooms, anchovies, marmite, soy sauce, paprika, garlic, onion, carrot, celery, butter, cheddar or provolone or jack cheese, parsley, ketchup, brown sugar, apple cider vinegar, ground beef, ground pork, egg"
"extra flaky scallion pancakes","Anylist",NA,"asian","main","flour, sesame oil, scallions, soy sauce, rice wine vinegar or xiaoxing wine, ginger, sugar, vegetable oil"
"peanut noodles with shrimp","Anylist",NA,"asian","meal","lime, peanut butter, sugar, fish sauce, rice noodles, peanut oil or canola oil, shrimp, scallions, carrot, garlic, jalapeno or , cilantro"
"teriyaki salmon bowls","Anylist",NA,"asian","meal","salmon, vegetable oil, rice, avocado, cucumber, scallions, teriyaki sauce, sesame seeds"
"beef with broccoli","Anylist",NA,"asian","meal","flank steak or skirt steak or hanger steak or flap meat, soy sauce, xiaoxing wine, cornstarch, chicken stock, oyster sauce, sugar, sesame oil, garlic, scallions, vegetable oil, broccoli, rice"
"refried beans","Anylist",NA,"latin","side","pinto beans or black beans, epazote or oregano, white onion, garlic, lard or bacon fat or vegetable oil or butter"
"crusty baked cauliflower and farro","Anylist",NA,"western","main","farro, chicken stock or , olive oil, cauliflower, sage or , capers, garlic, lemon, fontina, panko, ricotta or cottage cheese or , parsley or ,  parmesan"
"lentil and chickpea salad with feta and tahini","Anylist",NA,"mediterranean","main","lentils or black lentils, garlic, sage or , olive oil, coriander, cumin, tahini, lemon, canned chickpeas, preserved lemon or , red onion or pickled onion, feta, sesame seeds"
"ground lamb pulao","Anylist",NA,"indian","meal","basmati rice, ground lamb or ground beef, butter, garlic, ginger, chile powder, lime, turmeric, scallions, mint"
"broccoli cheese soup","Anylist",NA,"western","soup","broccoli, vegetable oil, butter, carrot, onion, garlic, chicken stock, milk, russet potato, cheddar, american cheese, mustard powder"
"parmesan broth","Anylist",NA,"western","prep","olive oil, onion, garlic, parsley, thyme, black pepper, bay leaf, parmesan rind"
"mushroom farro soup with parmesan broth","Anylist",NA,"western","soup","farro, dried mushrooms or dried porcini mushrooms, butter, olive oil, shallot, garlic, parmesan broth, white wine, thyme, parmesan, mushrooms, sherry vinegar"
"cauliflower wedge","every day",42,"western","side","cauliflower, olive oil, parmesan, lemon, white vinegar, currants or , capers, scallions, parsley"
"mango apple ceviche","every day",45,"latin","side","mango, red onion, serrano pepper or jalapeno or , lime, olive oil, green apple, cilantro or parsley, sunflower seeds"
"winter slaw with farro","every day",48,"western","side","dried apricots, white vinegar, green cabbage, farro, almonds, parmesan, olive oil"
"smashed cucumber salad, peanuts and peas","every day",50,"asian","side","cucumber, sake, rice vinegar, sesame oil, peanuts, wasabi peas or sriracha peas"
"sushi takeout cobb","every day",53,"asian","salad","carrot, shallot, ginger, rice vinegar, miso, sesame oil, canola oil, avocado, napa cabbage or cabbage, edamame, tofu or silken tofu, cucumber, daikon or , chives"
"charred corn succotash with lime and crispy shallots","every day",59,"western","side","vegetable oil, shallot, lime, dark brown sugar, fish sauce, green beans, corn, garlic, thai chili or jalapeno or , thai basil or basil"
"carrot salad with tahini, chickpeas and pistachios","every day",68,"mediterranean","side","canned chickpeas, olive oil, cumin, garlic, lemon, tahini, red pepper flakes, carrot, parsley, pistachios"
"cucumber yogurt gazpacho","every day",82,"western","side","cucumber, greek yogurt, buttermilk, white wine vinegar, shallot, olive oil, mint, almonds, grapes"
"broccoli melts","every day",94,"western","main","broccoli, olive oil, garlic, red pepper flakes, lemon, parmesan, crusty bread, provolone"
"artichoke and parmesan galette","every day",97,"western","main","flour, parmesan, butter, sour cream, lemon, artichoke hearts, egg, mayonnaise, sour cream, milk, garlic, parsley"
"grilled yogurt flatbreads","every day",102,"middle eastern","side","active dry yeast, olive oil, greek yogurt or yogurt, flour"
"halloumi with eggplant and zucchini","every day",116,"mediterranean","side","olive oil, garlic, oregano or dried oregano, lemon, zucchini, eggplant or , halloumi"
"parmesan dutch baby with creamed mushrooms","every day",118,"western","main","butter, shallot, cremini mushrooms, white wine, heavy cream, egg, milk, flour, chives or thyme or , parmesan"
"crispy tofu with sesame peanut pesto","every day",121,"asian","main","tofu, broccoli, olive oil, low sodium soy sauce, cornstarch, sesame seeds, peanuts, ginger, garlic, sesame oil, rice vinegar, dark brown sugar, scallions"
"fried green plantains with avocado black bean salsa","every day",123,"latin","main","lime, garlic, olive oil, cilantro, avocado, mango or pineapple or papaya, black beans, green plantain"
"broccoli , cheddar and wild rice fritters","every day",126,"western","main","egg, wild rice or rice, scallions, cheddar, butter, olive oil, broccoli"
"wild mushroom shepherds pie","every day",129,"western","main","dried mushrooms, olive oil, onion, carrot, garlic, mushrooms, sherry, tomato paste, chicken stock, russet potato, butter, creme fraiche or sour cream, milk or buttermilk, smoked paprika or paprika, parsley"
"spring fried barley with sesame sizzled egg","every day",131,"western","main","peanut oil or canola oil, garlic, ginger, scallions, barley, peas or fava beans or asparagus or snap peas, egg, soy sauce, sesame oil, sesame seeds"
"zucchini stuffed zucchini","every day",134,"western","main","zucchini, butter, shallot, panko, gruyere or comte, lemon, garlic, capers, oregano or dried oregano, parsley, mint or , olive oil"
"sweet potato steaks with green bean slaw","every day",139,"western","main","dark brown sugar, paprika, cumin, onion powder, garlic powder, chili powder, olive oil, sweet potato, apple cider vinegar, green beans, mayonnaise, dijon mustard"
"pizza beans","every day",143,"western","main","olive oil, onion, celery, carrot, garlic, white wine or red wine or , kale, crushed tomatoes, giant white beans or white beans, chicken stock or vegetable stock, mozzerella, parmesan, parsley"
"garlic bread","every day",144,"western","side","baguette, butter, garlic, dried oregano or , parmesan, parsley or chives"
"cacio e pepe potatoes anna","every day",145,"mediterranean","main","parmesan, cornstarch, butter, yukon gold potato, arugula, white wine vinegar, chives or , olive oil"
"carmelized cabbage risotto","every day",148,"western","main","butter, olive oil, onion, cabbage, chicken stock, arborio rice, white wine, parmesan"
"brussels and three chese pasta bake","every day",157,"western","main","pasta, butter, olive oil, garlic, brussels sprouts, lemon, flour, vegetable stock or chicken stock, parmesan, gruyere, fontina"
"crispy short rib carnitas with sunset slaw","every day",169,"latin","main","chili powder, bone in short rib, orange, lime, garlic, red cabbage, carrot, scallions, mayonnaise or sour cream or yogurt, cilantro or parsley, corn tortillas"
"quick sausage, kale and crouton saute","every day",172,"western","main","olive oil, crusty bread or croutons, sweet italian sausage, garlic, white beans, kale, red wine vinegar, parmesan"
"beef bulgogi tacos","every day",191,"asian","main","ground beef, garlic, ginger, soy sauce, rice vinegar, brown sugar, sesame oil, gochujang or sriracha, shredded lettuce or iceberg lettuce, lime, scallions, flour tortillas, kimchi, cilantro, sesame seeds"
"miso maple ribs with roasted scallions","every day",195,"western","main","baby back ribs, miso, maple syrup, rice vinegar, scallions, vegetable oil"
"bacony baked pintos with the works","every day",197,"latin","main","pinto beans, bacon, onion, garlic, tomato paste, cumin, coriander, chili powder, vegetable stock or chicken stock, corn tortillas or tortilla chips, jalapeno or , cilantro, lime, avocado, sour cream"
"lemon chicken with artichokes and orzo","Hero Dinners",18,"western","meal","olive oil, artichoke hearts, chicken breast, butter, onion, garlic, orzo, lemon, chicken stock, parsley"
"deconstructed caesar salad","Hero Dinners",23,"western","meal","caesar dressing, romaine hearts, olive oil, chicken breast, dijon mustard, thyme or , baguette, parmesan"
"caesar dressing","Hero Dinners",23,"western","dressing","mayonnaise, anchovies, lemon, garlic, dijon mustard, worcestershire sauce, olive oil"
"coriander crusted whole roast chicken","Hero Dinners",63,"western","main","whole chicken, cilantro, olive oil, lemon, cumin, garlic powder, sweet potato or ,  beets or , balsamic vinegar, rosemary"
"rosemary spatchcock chicken","Hero Dinners",66,"western","meal","olive oil, whole chicken, lemon, chicken stock, rosemary, baby potatoes, asparagus"
"not your momma's sloppy joes","Hero Dinners",72,"western","main","olive oil, red onion, white mushrooms, garlic, zucchini, bell pepper, ground turkey, ketchup, harissa, brown sugar, coriander, cumin, cinnamon, hamburger buns"
"duck breasts with cranberry red wine sauce","Hero Dinners",80,"western","main","duck breast, olive oil, fingerling potatoes or , brussels sprouts or , shallot, dried cranberries, chicken stock, red wine, raspberry vinegar or apple cider vinegar, butter"
"mango cabbage slaw","Hero Dinners",102,"latin","side","mango, cabbage, jalapeno or , cilantro, lime, sugar"
"ma po tofu","Hero Dinners",118,"asian","meal","tofu, chicken stock, soy sauce, oyster sauce, chili-garlic sauce, cornstarch, canola oil, mushrooms, ground turkey or ground pork, garlic, ginger, sesame oil, scallions, white rice"
"pork chops with roasted grape relish","Hero Dinners",124,"western","main","olive oil, brussels sprouts or , fingerling potatoes or , pork chop, grapes, shallot, dried thyme, sherry wine, balsamic vinegar, sugar, butter"
"roast pork loin with arugula parsley pesto","Hero Dinners",135,"western","meal","almonds, arugula, parsley, garlic, parmesan, olive oil, dried oregano, dried basil, garlic powder, cumin, pork loin, fennel bulb or , baby potatoes or , red onion"
"grapefruit and pistachio crusted salmon","Hero Dinners",155,"western","meal","pistachios, olive oil, honey, grapefruit, dijon mustard, onion, couscous, chicken stock or , garlic, spinach, salmon"
"new england fish dinner","Hero Dinners",167,"western","meal","yukon gold potato, onion, olive oil, thyme, green beans, cod, panko, butter, parsley, lemon"
"greek shrimp with feta","Hero Dinners",186,"mediterranean","meal","russet potato, olive oil, broccoli, shrimp, garlic, lemon, dried oregano, feta"
"skillet linguine with white clam sauce","Hero Dinners",198,"mediterranean","meal","olive oil, garlic, shallot, dried basil, white wine, canned baby clams, clam juice, linguine, parsley, spinach, butter"
"chickpea sweet potato hash and eggs","Hero Dinners",211,"western","meal","sweet potato, olive oil, canned chickpeas, bell pepper, smoked paprika, dried thyme, spinach, egg"
"cuban rice and beans","Hero Dinners",219,"latin","meal","bell pepper, onion, garlic, olive oil, white rice, black beans, cumin, dried oregano, fennel seed, coriander"
"orzo with olives and feta","Hero Dinners",224,"mediterranean","meal","olive oil, onion, garlic, oregano or dried oregano, sugar, orzo, spinach, feta, kalamata olives"
"cacio e pepe with edamame and asparagus","Hero Dinners",228,"mediterranean","meal","spaghetti or pasta, edamame, asparagus, olive oil, butter, parmesan"
"peanut cocunut noodles with tofu","Hero Dinners",234,"asian","meal","peanut butter, coconut milk, brown sugar, fish sauce, ginger, canola oil, tofu, noodles, carrot, peas, scallions, peanuts"
"beer braised short ribs with wheat berries","Hungry Monkey",44,"western","main","short ribs, olive oil, garlic, onion, carrot, celery, wheat berries or green lentils, porter beer, crushed tomatoes, chicken stock, parsley"
"larb gai (thai chicken salad)","Hungry Monkey",53,"western","main","chicken thigh or ground chicken, shallot, scallions, peanut oil, fish sauce, lime, red pepper flakes, cabbage, rice"
"roasted parsnips","Hungry Monkey",90,"western","side","parsnip, olive oil"
"cumin ginger carrot coins","Hungry Monkey",91,"western","side","butter, cumin, carrot, ground ginger"
"bibimbap","Hungry Monkey",126,"asian","meal","soy sauce, sugar, asian pear or granny smith apple, scallions, garlic, sesame seeds, sesame oil, flank steak, bean sprouts or , spinach or , kimchi, carrot or , egg, rice, gochujang"
"shrimp and grits","Hungry Monkey",128,"western","breakfast","grits, whole milk, butter, bacon, shrimp"
"pretzels","Hungry Monkey",155,"western","appetizer","flour, instant yeast, honey, baking soda"
"shredded beef tacos","Hungry Monkey",186,"latin","main","chuck roast, ancho chile powder, apple cider vinegar, mexican oregano, cumin seed"
"chicken strips","Hungry Monkey",194,"western","main","chicken breast, flour, egg, vegetable oil, panko, lard or shortening"
"thai salad dressing","Hungry Monkey",195,"asian","dressing","fish sauce, lime, sugar, serrano pepper or jalapeno, garlic"
"cornish pasties","Hungry Monkey",202,"western","main","flour, lard, butter, rib eye steak, russet potato, rutabaga, onion, parsley, egg, milk"
"thai shrimp curry","Hungry Monkey",228,"asian","main","coconut milk, green curry paste, palm sugar or brown sugar, fish sauce, shrimp, basil or thai basil, lime"
"potstickers","Hungry Monkey",239,"asian","main","napa cabbage, ground pork, scallions, ginger, oyster sauce, sesame oil, soy sauce, lotus root or , egg, gyoza wrappers"
"classic mac n cheese","Mac & Cheese Please",3,"western","main","elbow macaroni, butter, bread crumbs, parmesan, onion, flour, milk, heavy cream, cheddar, gruyere or fontina or , mustard powder"
"cajun seasoning","Meathead",170,"cajun","prep","celery seed, caraway seed, bay leaf, dried rosemary, dried oregano, red pepper flakes, black pepper, paprika, ancho chile powder, garlic powder, onion powder, sugar, dry mustard, ground mace, ground allspice"
"alabama white sauce","Meathead",182,"western","prep","mayonnaise, apple cider vinegar, lemon, apple juice, garlic powder, horseradish, dry mustard, black pepper, cayenne pepper"
"hawaiian huli huli sauce and marinade","Meathead",184,"western","prep","pineapple juice, chicken stock, soy sauce, ketchup or barbecue sauce, rice wine vinegar or lemon or lime, dark brown sugar, ginger, worcestershire sauce, sriracha, sesame oil, garlic"
"japanese happy mouth yakitori sauce","Meathead",192,"asian","prep","soy sauce, sake or white wine, orange, sugar, ginger, honey, sesame oil, hot sauce or , garlic, cornstarch"
"greek ladolemono for seafood","Meathead",192,"mediterranean","prep","olive oil, lemon, oregano"
"bacon and onion jam","Meathead",194,"western","prep","bacon, onion, garlic, balsamic vinegar, maple syrup, dried thyme or dried rosemary"
"marinated lamb loin chops","Meathead",286,"western","main","lamb loin chops, red wine vinegar, balsamic vinegar, olive oil, sesame oil, rosemary, garlic"
"hawaiian huli huli chicken","Meathead",299,"western","main","whole chicken, pineapple juice, chicken stock, soy sauce, ketchup or barbecue sauce, rice wine vinegar or lemon or lime, dark brown sugar, ginger, worcestershire sauce, sriracha, sesame oil, garlic"
"turkey breast teriyaki","Meathead",314,"western","main","turkey breast or chicken breast, pineapple juice, chicken stock, soy sauce, ketchup or barbecue sauce, rice wine vinegar or lemon or lime, dark brown sugar, ginger, worcestershire sauce, sriracha, sesame oil, garlic"
"grilled duck breast in cherry port sauce","Meathead",315,"western","main","duck breast, poultry rub, butter, shallot, chicken stock, port wine, balsamic vinegar, dried cherries"
"smoked trout florida mullet style","Meathead",325,"western","main","trout, memphis rub, lemon, tartar sauce"
"schmancy hot smoked salmon","Meathead",327,"western","main","skin on salmon, garlic powder, maple syrup"
"baja fish tacos","Meathead",333,"western","main","tilapia or mahi mahi or grouper, ancho chile powder, sour cream, mayonnaise, chipotle, corn tortillas, avocado, lime, cabbage"
"grilled romaine salad","Meathead",355,"western","salad","olive oil, red wine vinegar, basil, lemon, sugar, romaine lettuce, blue cheese, pecans"
"fire roasted baba ghanoush","Meathead",356,"middle eastern","prep","eggplant, olive oil, pita bread or flatbread, garlic, harissa, garam masala, tahini, lemon, paprika"
"grilled baked potato","Meathead",358,"western","side","russet potato, memphis rub, butter"
"twice baked potatoes","Meathead",359,"western","side","russet potato, poultry rub, sour cream, cheddar, chives or , paprika"
"black bean burgers","Noggin",NA,"western","main","black bean burger, hamburger buns, american cheese or cheddar or jack cheese, bacon or , avocado or , ketchup, mayonnaise"
"bright cabbage slaw","Salt, Fat, Acid, Heat",224,"western","side","cabbage or kale or brussels sprouts or kohlrabi, red onion, lemon, parsley, red wine vinegar, olive oil"
"vietnamese cucumber salad","Salt, Fat, Acid, Heat",226,"asian","side","cucumber, jalapeno, scallions, garlic, cilantro, mint, peanuts, canola oil, lime, rice wine vinegar, fish sauce, sugar"
"shaved carrot salad with ginger and lime","Salt, Fat, Acid, Heat",227,"asian","side","raisins, cumin seed, carrot, ginger, garlic, jalapeno, cilantro, lime, olive oil"
"shaved fennel and radishes","Salt, Fat, Acid, Heat",228,"western","side","fennel bulb, radish, parsley, parmesan, garlic, lemon, white wine vinegar, olive oil"
"roasted squash, sage and hazelnut panzanella","Salt, Fat, Acid, Heat",232,"western","main","kale, butternut squash, olive oil, red onion, red wine vinegar, crusty bread or croutons, vegetable oil, sage, hazelnuts, shallot, balsamic vinegar, butter"
"asparagus and feta with mint panzanella","Salt, Fat, Acid, Heat",235,"western","main","red onion, red wine vinegar, asparagus, croutons or crusty bread, mint, feta, shallot, olive oil"
"butternut squash and brussels sprouts in agrodolce","Salt, Fat, Acid, Heat",262,"western","side","butternut squash, olive oil, brussels sprouts, red onion, red wine vinegar, sugar, red pepper flakes, garlic, mint"
"tuscan bean and kale soup","Salt, Fat, Acid, Heat",274,"western","main","olive oil, bacon or pancetta or , onion, celery, carrot, bay leaf, garlic, crushed tomatoes, cannelini beans, parmesan, chicken stock, kale, cabbage"
"pasta with broccoli and bread crumbs","Salt, Fat, Acid, Heat",295,"western","main","broccoli or kale, olive oil, onion, red pepper flakes, garlic, pasta, bread crumbs or panko or crusty bread, parmesan"
"slow roasted salmon","Salt, Fat, Acid, Heat",310,"western","main","salmon, parsley or cilantro or dill, olive oil"
"slow roasted soy glazed salmon","Salt, Fat, Acid, Heat",311,"asian","main","salmon, soy sauce, sesame seeds, brown sugar, cayenne pepper, garlic, ginger"
"slow roasted citrus salmon","Salt, Fat, Acid, Heat",311,"western","main","salmon, lemon or meyer lemon or orange or blood orange, avocado or , olive oil"
"chicken and garlic soup","Salt, Fat, Acid, Heat",332,"western","main","whole chicken, olive oil, onion, carrot, celery, bay leaf, chicken stock, parmesan rind or , rice or farro or barley or , spinach or , garlic"
"chicken with lentil rice","Salt, Fat, Acid, Heat",334,"western","main","whole chicken, cumin, olive oil, butter, onion, bay leaf, saffron, basmati rice, raisins, dates, chicken stock, brown lentils or green lentils"
"glazed five spice chicken","Salt, Fat, Acid, Heat",338,"asian","main","whole chicken, soy sauce, dark brown sugar, mirin, sesame oil, ginger, garlic, five spice powder, cayenne pepper, cilantro, scallions"
"buttermilk marinated roast chicken","Salt, Fat, Acid, Heat",340,"western","main","whole chicken, buttermilk"
"sicilian chicken salad","Salt, Fat, Acid, Heat",342,"mediterranean","main","red onion, red wine vinegar, currants, chicken breast or leftover roast chicken, aioli or mayonnaise, lemon, parsley, pine nuts, celery or , fennel bulb or , fennel seed"
"kufte kebabs","Salt, Fat, Acid, Heat",356,"middle eastern","main","saffron, onion, ground lamb, turmeric, parsley or mint or cilantro"
"olive oil and sea salt granola","Salt, Fat, Acid, Heat",402,"western","breakfast","old fashioned rolled oats, pepitas, sunflower seeds, unsweetened coconut chips, pecans, maple syrup, olive oil, brown sugar, flax seed or , dried apricots or dried cherries or dried cranberries"
"grilled steak fajitas","The Food Lab",350,"latin","main","soy sauce, lime, canola oil, brown sugar, cumin, chile powder, garlic, skirt steak or flank steak, bell pepper, onion, avocado or , salsa verde or , sour cream or , tortillas"
"pan seared pork chops with apple and cider sauce","The Food Lab",355,"western","main","bone-in pork chop, butter, vegetable oil, apple cider vinegar, dark brown sugar, cinnamon, cloves, granny smith apple or apple"
"orange chipotle chicken","The Food Lab",321,"western","main","shallot, butter, flour, chicken stock, orange, chipotle, lime, cilantro, chicken breast"
"chicken with lemon caper sauce","The Food Lab",368,"western","main","chicken breast, flour, vegetable oil, shallot, butter, white wine, capers, lemon, parsley"
"chicken with mushroom marsala sauce","The Food Lab",369,"western","main","chicken breast, flour, vegetable oil, butter, mushrooms, shallot, thyme, tomato paste, soy sauce, sweet marsala, lemon"
"dill lemon creme fraiche","The Food Lab",382,"western","sauce","creme fraiche, lemon, dill, capers"
"sous vide rib eye with shallot garlic and thyme","The Food Lab",394,"western","main","rib eye steak, canola oil, butter, shallot, thyme or rosemary, garlic"
"chimichurri sauce","The Food Lab",395,"latin","sauce","parsley, cilantro, oregano, garlic, red pepper flakes, red wine vinegar, olive oil"
"hot buttered snap peas with lemon and mint","The Food Lab",412,"western","side","butter, lemon, snap peas, mint"
"hot buttered snap peas with scallions and ham","The Food Lab",412,"western","side","butter, ham, snap peas, scallions, lemon"
"hot buttered snap peas with leeks and basil","The Food Lab",413,"western","side","butter, lemon, snap peas, leek"
"hot buttered peas","The Food Lab",413,"western","side","frozen peas, butter, lemon"
"hot buttered peas with bacon, shallots and tarragon","The Food Lab",413,"western","side","frozen peas, butter, lemon, bacon, shallot, tarragon"
"hot buttered peas with pine nuts and prosciutto","The Food Lab",414,"western","side","frozen peas, butter, lemon, prosciutto, pine nuts, garlic, parsley"
"cheesy broccoli or cauliflower casserole","The Food Lab",421,"western","main","sandwich bread, shallot, parsley, butter, broccoli or cauliflower, milk, gelatin, garlic, evaporated milk, flour, american cheese or cheddar or jack cheese or fontina or gruyere, hot sauce"
"micro steamed corn with garlic chili butter","The Food Lab",429,"western","side","corn on the cob, butter, garlic, scallions, chili powder"
"pan seared zucchini and corn","The Food Lab",435,"western","side","vegetable oil, corn, onion, jalapeno or , garlic, zucchini, basil or parsley, lemon, olive oil, parmesan"
"mexican street corn salad","The Food Lab",437,"latin","side","vegetable oil, corn, mayonnaise, cotija or feta or parmesan, scallions, cilantro, garlic, lime, chili powder"
"pan roasted mushrooms with thyme and shallots","The Food Lab",441,"western","side","vegetable oil, mushrooms, shallot, garlic, thyme, soy sauce, lemon, butter"
"the ultimate creamed spinach","The Food Lab",451,"western","side","butter, shallot, garlic, spinach, flour, heavy cream, whole milk or milk, nutmeg, creme fraiche or , parmesan"
"glazed carrots with almonds","The Food Lab",453,"western","side","carrot, cornstarch, chicken stock, butter, sugar, parsley or chives, almonds, lemon"
"glazed pearl onions or turnips or radishes or rutabaga","The Food Lab",453,"western","side","pearl onions, cornstarch, chicken stock, butter, sugar, parsley or chives, lemon"
"broiled asparagus with parmesan bread crumbs","The Food Lab",457,"western","side","sandwich bread or bread crumbs or panko, butter, parmesan, asparagus, olive oil, lemon"
"roasted cauliflower with pine nut, raisin and caper vinaigrette","The Food Lab",460,"western","side","cauliflower, olive oil, sherry vinegar, honey, capers, pine nuts, raisins, parsley"
"roasted mushrooms","The Food Lab",461,"western","side","mushrooms or cremini mushrooms, olive oil, thyme"
"cheesy hasselback potato gratin","The Food Lab",469,"western","side","comte or gruyere, parmesan, heavy cream, garlic, thyme, russet potato, butter"
"super crisp roasted potatoes","The Food Lab",474,"western","side","duck fat or bacon fat or olive oil, thyme or parsley or chives or rosemary or , russet potato"
"crispy semi smashed new potatoes","The Food Lab",477,"western","side","vegetable oil or duck fat, chives or parsley or thyme or rosemary or , new potato"
"buttery oniony charred hash browns","The Food Lab",478,"western","side","russet potato, butter, olive oil, onion"
"tender italian meatballs","The Food Lab",540,"mediterranean","main","ground beef or ground lamb, ground pork, buttermilk, gelatin, sandwich bread, soy sauce, marmite, anchovies, egg, parmesan, garlic, parsley or basil, olive oil, onion, butter, dried oregano, canned whole tomatoes"
"pork meatballs with mushroom cream sauce","The Food Lab",542,"western","main","ground pork, buttermilk or , heavy cream, gelatin, sandwich bread, soy sauce, marmite, anchovies, garlic, egg, sugar, fennel seed, vegetable oil, butter, mushrooms, onion, flour, chicken stock, thyme or , lemon"
"smashed burgers","The Food Lab",553,"western","main","ground beef, hamburger buns, butter, onion, bacon or , american cheese, ketchup, pickle"
"buttery lemon herb rubbed roast chicken","The Food Lab",595,"western","main","whole chicken, vegetable oil, parsley, sage, rosemary, scallions, garlic, lemon, butter"
"peruvian style roast chicken","The Food Lab",598,"latin","main","whole chicken, vegetable oil, cumin, paprika, garlic, white vinegar"
"peruvian green sauce","The Food Lab",598,"latin","sauce","jalapeno, cilantro, garlic, mayonnaise, sour cream, aji amarillo paste, lime, white vinegar, olive oil"
"barbecue glazed roast chicken","The Food Lab",600,"western","main","whole chicken, vegetable oil, paprika, coriander, fennel seed, cumin, dried oregano, garlic, barbecue sauce"
"teriyaki glazed roast chicken","The Food Lab",601,"asian","main","whole chicken, vegetable oil, soy sauce, sugar, sake, mirin, scallions, garlic, ginger"
"apricot glazed pork tenderloin with prunes and figs","The Food Lab",662,"western","main","dried figs, prunes, brandy, apricot preserves, paprika, pork tenderloin, cornstarch, vegetable oil, balsamic vinegar, butter"
"pasta with garlicky broccoli anchovies and bacon","The Food Lab",685,"western","meal","broccoli, bacon or pancetta, olive oil, garlic, anchovies, butter, pasta, lemon, parmesan"
"pasta with garlic and lots of vegetables","The Food Lab",686,"western","meal","asparagus, zucchini, summer squash, fava beans or , broccoli or , frozen peas, olive oil, garlic, butter, pasta, parsley, lemon, parmesan"
"pasta with garlicky shrimp","The Food Lab",690,"western","main","shrimp, garlic, olive oil, white wine, butter, parsley, lemon, pasta"
"puttanesca","The Food Lab",698,"mediterranean","main","olive oil, butter, onion, garlic, anchovies, capers, kalamata olives, canned whole tomatoes, canned tuna or , spaghetti, parsley, parmesan"
"penna alla vodka with chicken","The Food Lab",699,"mediterranean","main","olive oil, butter, onion, garlic, dried oregano, canned whole tomatoes, basil or , heavy cream, vodka, pasta, chicken breast, parsley, parmesan"
"weeknight pasta with meat sauce","The Food Lab",706,"western","main","onion, carrot, celery, anchovies, garlic, dried oregano, mushrooms, ground beef, olive oil, butter, tomato paste, canned whole tomatoes, fish sauce, parmesan, parsley or basil or , pasta"
"classic pesto with basil and pine nuts","The Food Lab",709,"mediterranean","sauce","basil, spinach, garlic, pine nuts, parmesan, lemon, olive oil"
"arugula and walnut pesto","The Food Lab",710,"western","sauce","arugula, garlic, walnuts, parmesan, preserved lemon"
"roasted bell pepper and feta pesto","The Food Lab",710,"western","sauce","parsley, oregano, garlic, bell pepper, feta, pepitas, olive oil"
"lighter fettucine alfredo","The Food Lab",713,"western","main","parmesan, cornstarch, butter, heavy cream, fettucine or pasta, chives or parsley"
"lighter fettucine alfredo with peas and arugula","The Food Lab",713,"western","main","parmesan, cornstarch, butter, heavy cream, fettucine or pasta, chives or parsley, frozen peas, prosciutto or bacon, arugula"
"lighter fettucine alfredo with lemon and rosemary","The Food Lab",713,"western","main","parmesan, cornstarch, butter, heavy cream, fettucine or pasta, chives or parsley, lemon, rosemary"
"spinach and mushroom lasagna","The Food Lab",738,"western","meal","butter, garlic, spinach, heavy cream, nutmeg, cottage cheese, egg, parsley, lasagna noodles, mushrooms, shallot, thyme, soy sauce, lemon, flour, milk, mozzerella, parmesan"
"classic baked ziti","The Food Lab",746,"mediterranean","meal","pasta, olive oil, butter, onion, garlic, dried oregano, basil, canned whole tomatoes, ricotta, parmesan, egg, heavy cream, parsley, mozzerella"
"mild lemon olive oil vinaigrette","The Food Lab",781,"western","dressing","lemon, dijon mustard, garlic, shallot, olive oil"
"mild red wine olive oil vinaigrette","The Food Lab",781,"western","dressing","red wine vinegar, dijon mustard, garlic, shallot, olive oil"
"spring vegetable salad","The Food Lab",783,"western","salad","brussels sprouts or fava beans or , lemon, parsley, frozen peas, snap peas, sprouts or , asparagus, mild lemon olive oil vinaigrette or mild red wine olive oil vinaigrette"
"fingerling potato salad","The Food Lab",788,"western","side","fingerling potatoes, yukon gold potato, white wine vinegar, dijon mustard, pickle, sugar, shallot, olive oil, capers, celery or , parsley or dill"
"arugula and pear salad","The Food Lab",789,"western","salad","pear, sugar, butter, arugula, parmesan"
"balsamic soy dressing","The Food Lab",790,"western","dressing","canola oil, olive oil, balsamic vinegar, garlic, shallot, soy sauce, dijon mustard"
"hazelnut vinaigrette","The Food Lab",792,"western","dressing","hazelnuts, balsamic vinegar, dijon mustard, honey, shallot, tarragon or , olive oil or hazelnut oil, canola oil"
"green bean salad with hazelnut vinaigrette","The Food Lab",792,"western","salad","red onion, green beans, hazelnut vinaigrette"
"roasted pear salad","The Food Lab",793,"western","salad","pear, sugar, butter, salad greens, hazelnut vinaigrette, gorgonzola or stilton or blue cheese, pomegranate"
"roasted beet and citrus salad","The Food Lab",795,"western","salad","beets, olive oil, rosemary or thyme, pine nut vinaigrette, grapefruit or , orange, arugula"
"pine nut vinaigrette","The Food Lab",795,"western","dressing","sherry vinegar, agave nectar, pine nuts, shallot, olive oil, walnut oil"
"fig and pumpkin seed vinaigrette","The Food Lab",799,"western","dressing","balsamic vinegar, fig preserves or apricot preserves, pepitas, shallot, olive oil"
"garlic parmesan croutons","The Food Lab",824,"western","prep","olive oil, garlic, crusty bread, parmesan"
"marinated kale salad with chickpeas and sumac onions","The Food Lab",827,"western","salad","kale, olive oil, red onion, sumac, sesame seeds, lemon, garlic, dijon mustard, canned chickpeas"
"three ingredient blue cheese dressing","The Food Lab",832,"western","dressing","buttermilk, mayonnaise, blue cheese"
"chopped greek salad","The Food Lab",837,"mediterranean","salad","cucumber, red onion, bell pepper, kalamata olives, feta, parsley, mild red wine olive oil vinaigrette or mild lemon olive oil vinaigrette"
"buttermilk ranch dressing","The Food Lab",843,"western","dressing","buttermilk, sour cream or greek yogurt, lemon, garlic, dijon mustard, chives, cilantro, cayenne pepper"
"extra crunch chicken fried steak","The Food Lab",874,"western","main","paprika, black pepper, garlic powder, dried oregano, cayenne pepper, buttermilk, egg, flap meat, vegetable oil, flour, cornstartch, baking powder, butter, onion, garlic, whole milk, heavy cream"
"extra crunchy fried chicken","The Food Lab",876,"western","main","paprika, black pepper, garlic powder, dried oregano, cayenne pepper, buttermilk, egg, chicken breast, vegetable oil, flour, cornstartch, baking powder"
"chicken parmesan","The Food Lab",881,"western","main","chicken breast, panko, dried oregano, parmesan, flour, egg, vegetable oil, red pasta sauce, mozzerella, basil, parsley"
"perfect easy red sauve","The Food Lab",695,"mediterranean","sauce","olive oil, butter, onion, garlic, dried oregano, red pepper flakes, basil or , canned whole tomatoes"
"beer battered fried cod","The Food Lab",893,"western","main","flour, cornstarch, baking powder, baking soda, paprika, lager, vodka, canola oil, cod"
"extra tangy tartar sauce","The Food Lab",894,"western","sauce","mayonnaise, shallot, capers, pickle, sugar, parsley"
"foolproof onion rings","The Food Lab",900,"western","appetizer","onion, canola oil, flour, cornstarch, baking powder, baking soda, paprika, lager, vodka"
"tempura vegetables ","The Food Lab",902,"asian","side","canola oil, cornstarch, flour, egg, vodka, club soda, carrot or green beans or eggplant or sweet potato or mushrooms or zucchini"
"tempura shrimp with vegetables","The Food Lab",902,"asian","meal","canola oil, cornstarch, flour, egg, vodka, club soda, carrot or green beans or eggplant or sweet potato or mushrooms or zucchini, shrimp"
"honey miso mayonnaise","The Food Lab",903,"asian","sauce","egg, white miso, rice wine vinegar, honey, vegetable oil"
"crunchy oven fries","The Food Lab",915,"western","side","russet potato, white vinegar, vegetable oil, buttermilk, garlic powder, paprika, flour, cornstarch, baking powder"
"basic crispy potato cake","The Food Lab",135,"western","main","russet potato, olive oil"
"crispy potato, onion, and mushroom cake","The Food Lab",136,"western","main","russet potato, olive oil, onion, mushrooms, garlic, thyme"
"potato hash with peppers and onions","The Food Lab",140,"western","breakfast","russet potato, vegetable oil, bell pepper, onion, hot sauce, egg"
"super flaky buttermilk biscuits","The Food Lab",163,"western","breakfast","buttermilk, sour cream, flour, baking powder, baking soda, butter"
"cheddar cheese and scallion biscuits","The Food Lab",163,"western","breakfast","buttermilk, sour cream, flour, baking powder, baking soda, butter, cheddar, scallions"
"bacon parmesan biscuits","The Food Lab",164,"western","breakfast","buttermilk, sour cream, flour, baking powder, baking soda, butter, bacon, parmesan"
"creamy sausage gravy","The Food Lab",164,"western","breakfast","butter, breakfast sausage, onion, flour, whole milk"
"easy cream biscuits","The Food Lab",165,"western","breakfast","flour, baking powder, butter, heavy cream"
"the world's most awesome sticky buns","The Food Lab",170,"western","breakfast","egg, brown sugar, buttermilk, instant yeast, butter, flour, pecans, cinnamon, cream cheese, powdered sugar, orange"
"beef and barley stew","The Food Lab",193,"western","stew","short ribs, canola oil, carrot, celery, onion, marmite, soy sauce, garlic, tomato paste, chicken stock, canned whole tomatoes or , barley, bay leaf, kale"
"tuscan bean and parmesan soup","The Food Lab",199,"western","soup","olive oil, onion, carrot, celery, garlic, red pepper flakes, chicken stock, canned cannellini beans, rosemary, parmesan, bay leaf, kale"
"30 minute black bean soup","The Food Lab",200,"western","soup","vegetable oil, bell pepper, onion, garlic, jalapeno or , cumin, red pepper flakes, chipotle, chicken stock, canned black beans, cilantro, pickled onion or , avocado or sour cream"
"the best corn chowder","The Food Lab",212,"western","soup","corn on the cob, butter, garlic, scallions, chili powder"
"creamy broccoli parmesan soup","The Food Lab",214,"western","soup","butter, onion, celery, garlic, anchovies or , flour, milk, chicken stock, baking soda, broccoli, parmesan, crusty bread or , lemon"
"creamy mushroom soup","The Food Lab",217,"western","soup","mushrooms, butter, leek, onion, thyme, flour, milk, chicken stock, bay leaf"
"chicken and dumplings","The Food Lab",237,"western","soup","chicken stock, carrot, celery, onion, buttermilk, egg, flour, baking powder, baking soda, butter, parsley"
"all american pot roast","The Food Lab",243,"western","stew","chuck roast, vegetable oil, anchovies, garlic, marmite, soy sauce, tomato paste, carrot, celery, onion, flour, red wine, chicken stock, gelatin, bay leaf, thyme, russet potato"
"skillet braised chicken with bacon and mushrooms","The Food Lab",252,"western","main","chicken leg quarters, vegetable oil, bacon, mushrooms, shallot, garlic, thyme, butter, flour, white wine, chicken stock, heavy cream, parsley"
"chile paste","The Food Lab",259,"western","prep","ancho chile or pasilla chile or mulato chile, new mexico chile or california chile, cascabel chile or arbol chile or pequin chile, chicken stock"
"the best short rib chili","The Food Lab",260,"western","stew","short ribs, vegetable oil, onion, jalapeno, garlic, dried oregano, chile paste, chicken stock, anchovies, marmite, soy sauce, tomato paste, cumin seed, coriander, cocoa powder, cornmeal, bay leaf, kidney beans, crushed tomatoes, apple cider vinegar, whiskey or vodka or , hot sauce, dark brown sugar"
"chili verde with pork","The Food Lab",274,"western","stew","pork shoulder, poblano pepper, cubanelle pepper or new mexico chile, tomatillo, garlic, jalapeno, vegetable oil, cilantro, onion, cumin, chicken stock"
"steak house style grilled marinated flank steak","The Food Lab",343,"western","main","worcestershire sauce, soy sauce, brown sugar, anchovies, marmite, garlic, dijon mustard, tomato paste, vegetable oil, chives, shallot, flank steak"
"spicy thai style flank steak salad","The Food Lab",344,"western","main","brown sugar, fish sauce, soy sauce, lime, garlic, red pepper flakes, vegetable oil, flank steak, mint, cilantro, thai basil or basil, shallot, cucumber, bean sprouts"
"santa maria style grilled tri tip","The Food Lab",347,"western","main","tri tip, garlic, tomato, celery, scallions, california chile or poblano pepper or new mexico chile, cilantro, red wine vinegar, worcestershire sauce"
"stir fried lo mein with cabbage and mushrooms","Anylist",NA,"asian","meal","lo mein noodles, canola oil or vegetable oil, cabbage, shiitake mushrooms or mushrooms, chives or scallions, garlic, white pepper, sesame oil, soy sauce, xiaoxing wine"
"sheetpan meatballs with chickpeas, turmeric and lemon","Anylist",NA,"mediterranean","meal","kale or , canned chickpeas, fennel seed, cumin, turmeric, red onion, ground turkey, panko, yogurt, egg, garlic, coriander, cilantro or parsley or mint, lemon"
"easy herb packed falafel","Anylist",NA,"mediterranean","main","chickpeas, cilantro or parsley or mint, scallions, garlic, cumin, coriander, vegetable oil or canola oil"
"pasta with bacon, cheese, lemon and pine nuts","Anylist",NA,"western","meal","bacon, pasta, parmesan, parsley or scallions or mint, lemon or preserved lemon, butter, pine nuts"
"roasted cauliflower with pumpkin seeds, brown butter and lime","Anylist",NA,"western","side","olive oil, cauliflower, pepitas, butter, lime, cilantro or parsley or chives"
"roasted carrots with harissa and creme fraiche","Anylist",NA,"western","side","carrot, creme fraiche, harissa, cumin, black pepper, olive oil, cilantro"
"tacu tacu","Anylist",NA,"latin","side","brown lentils or green lentils, garlic, vegetable oil, white rice, red onion, aji amarillo paste"
"roasted sweet potato salad","Anylist",NA,"western","side","sweet potato, olive oil or coconut oil, spinach, red onion, lemon, currants or , avocado, apple cider vinegar"
"ginger peanut dressing","Anylist",NA,"asian","dressing","honey, vegetable oil, rice vinegar, soy sauce, sesame oil, peanut butter, sriracha or , ginger, garlic"
"asian slaw with ginger peanut dressing","Anylist",NA,"asian","side","honey, vegetable oil, rice vinegar, soy sauce, sesame oil, peanut butter, sriracha or , ginger, garlic, cabbage, carrot, edamame, scallions, peanuts, cilantro"
"asian slaw ","Anylist",NA,"asian","side","cabbage, carrot, edamame, scallions, peanuts, cilantro, ginger peanut dressing"
"kale caesar salad","Anylist",NA,"mediterranean","main","kale, chickpeas, olive oil, chicken breast or , garlic, tahini, lemon, dijon mustard, parmesan"
"smoky lentil salad with zucchini and poblanos","Anylist",NA,"western","main","black lentils or green lentils, zucchini, poblano pepper, scallions, olive oil, cumin, apple cider vinegar, smoked paprika, cilantro"
"white bean and asparagus salad","Anylist",NA,"western","side","canned white beans or canned cannelini beans, bay leaf, asparagus, tarragon, lemon, garlic, olive oil"
"farro, white bean and preserved lemon salad","Anylist",NA,"western","main","farro, olive oil, leek, garlic, dill or parsley, canned cannelini beans, preserved lemon"
"crispy potato and chorizo tacos","Anylist",NA,"latin","main","russet potato, white vinegar, vegetable oil, lime or , corn tortillas or flour tortillas, pickled onion or white onion or , cilantro, salsa verde or , chorizo, cheddar"
"easy one pot chicken tinga","Anylist",NA,"latin","main","bone in chicken breast or chicken breast, vegetable oil, tomatillo, garlic, white onion, dried oregano or mexican oregano, bay leaf, apple cider vinegar, chicken stock, chipotle, fish sauce"
"the best carne asada recipe","Anylist",NA,"latin","main","ancho chile, guajillo chile, chipotle, lime, orange, olive oil, soy sauce, fish sauce, garlic, cilantro, cumin seed, coriander, dark brown sugar, skirt steak or flank steak, corn tortillas or flour tortillas, onion, avocado"
"stir fry cabbage with cumin seeds","Anylist",NA,"asian","side","cabbage, vegetable oil, cumin seed, sesame seeds, onion, garam masala or five spice powder, lemon, cayenne pepper"
"instant pot black eyed peas with dill","Anylist",NA,"western","side","black eyed peas, olive oil, parsley, dill, carrot, scallions, bay leaf, orange, tomato paste"
"chicken marsala with mushrooms and shallots","Anylist",NA,"western","main","marsala wine, chicken stock, gelatin, chicken breast, flour, olive oil, cremini mushrooms, shallot, garlic, thyme, butter, soy sauce, parsley, sherry vinegar or lemon "
"creme fraiche","Noggin",NA,"ingredient","ingredient","heavy cream, buttermilk"
"yogurt","Noggin",NA,"ingredient","ingredient","whole milk"
"sweet italian sausage","The Food Lab",505,"ingredient","ingredient","pork shoulder, garlic, fennel seed, dried oregano, nutmeg, red wine vinegar"
"chorizo","The Food Lab",506,"ingredient","ingredient","pork shoulder, red wine vinegar or lime, paprika, cayenne pepper, cinnamon, ground cloves, cumin, dried oregano or mexican oregano"
"croutons","The Food Lab",824,"ingredient","ingredient","crusty bread, parmesan, garlic, olive oil"
"pita bread","Anylist",NA,"ingredient","ingredient","flour, instant yeast, olive oil"
"mayonnaise","Anylist",NA,"ingredient","ingredient","canola oil, egg, lemon"
"tahini","Anylist",NA,"ingredient","ingredient","sesame seeds, olive oil"
"salsa verde","Anylist",NA,"ingredient","ingredient","tomatillo, white onion, cilantro, garlic, jalapeno or , vegetable oil"
"vinaigrette","Noggin",NA,"ingredient","ingredient","lemon or red wine vinegar, olive oil, dijon mustard"
"aioli","Anylist",NA,"ingredient","ingredient","canola oil, egg, garlic, lemon"
"tartar sauce","Anylist",NA,"ingredient","ingredient","mayonnaise, pickle, shallot, capers, parsley, lemon, dijon mustard"
"teriyaki sauce","Anylist",NA,"ingredient","ingredient","soy sauce, mirin, sake, dark brown sugar"
"red pasta sauce","The Food Lab",695,"ingredient","ingredient","olive oil, butter, onion, garlic, dried oregano, red pepper flakes, basil or , canned whole tomatoes"
"pasta","Noggin",NA,"ingredient","ingredient","flour, egg, olive oil"
"lasagna noodles","Noggin",NA,"ingredient","ingredient","flour, egg, olive oil"
"pickled onion","Anylist",NA,"ingredient","ingredient","jalapeno or , red onion, sugar, white vinegar"
"preserved lemon","Anylist",NA,"ingredient","ingredient","lemon or meyer lemon, sugar"
"chicken stock","Anylist",NA,"ingredient","ingredient","carrot, onion, parsley, tomato paste, chicken bones, celery or , thyme or , garlic"
"ancho chile powder","Noggin",NA,"ingredient","ingredient","ancho chile"
"memphis rub","Anylist",NA,"ingredient","ingredient","paprika, dark brown sugar, garlic powder, celery salt or , chili powder, black pepper, onion powder, dried thyme, dried oregano, mustard powder, celery seed or , cayenne pepper"
"smoked ribs","Anylist",NA,"western","main","memphis rub, white vinegar, baby back ribs"
"bratwurst","The Food Lab",505,"western","main","pork shoulder, nutmeg, ginger, sour cream or creme fraiche"
"merguez sausage","The Food Lab",506,"mediterranean","main","pork shoulder or lamb, garlic, harissa, dried oregano or oregano, fennel seed, sumac"
"garlic sausage","The Food Lab",505,"western","main","pork shoulder, garlic"
"maple sage breakfast sausage","The Food Lab",507,"western","main","pork shoulder, bacon, maple syrup, garlic, red pepper flakes, ground sage"
"garlic sausage with lentils","The Food Lab",514,"western","meal","butter, onion, carrot, garlic, green lentils, chicken stock, sausage or garlic sausage, parsley, olive oil, red wine vinegar"
"grilled italian sausage with onions and peppers","The Food Lab",515,"western","meal","sausage or sweet italian sausage, onion, bell pepper, olive oil, hoagie rolls"
"merguez with yogurt, mint and moroccan salad","The Food Lab",516,"mediterranean","meal","tomato or , cucumber, red onion, greek yogurt, lemon, mint, merguez sausage, pita bread or naan or flatbread"
"naan","The Food Lab",517,"mediterranean","side","flour, instant yeast or baking powder, sugar, greek yogurt or whole milk, butter"
"bratwurt with beer and sauerkraut","The Food Lab",520,"western","main","sauerkraut, thyme or , lager, bratwurst, dijon mustard, hoagie rolls"
"flatbread","every day",102,"mediterranean","side","active dry yeast, olive oil, greek yogurt, flour"
